Date,"Weekly Cushing, OK WTI Spot Price FOB  (Dollars per Barrel)"
03-01-1986,25.78
10-01-1986,25.99
17-01-1986,24.57
24-01-1986,20.31
31-01-1986,19.69
07-02-1986,16.72
14-02-1986,16.25
21-02-1986,14.39
28-02-1986,14.25
07-03-1986,12.27
14-03-1986,13.07
21-03-1986,13.45
28-03-1986,12.0
04-04-1986,11.44
11-04-1986,13.46
18-04-1986,12.16
25-04-1986,13.44
02-05-1986,13.76
09-05-1986,15.08
16-05-1986,15.74
23-05-1986,16.37
30-05-1986,14.64
06-06-1986,13.25
13-06-1986,13.21
20-06-1986,13.82
27-06-1986,13.56
04-07-1986,12.23
11-07-1986,11.13
18-07-1986,12.17
25-07-1986,11.31
01-08-1986,11.45
08-08-1986,14.63
15-08-1986,15.39
22-08-1986,15.3
29-08-1986,15.77
05-09-1986,16.07
12-09-1986,15.13
19-09-1986,14.23
26-09-1986,14.3
03-10-1986,15.02
10-10-1986,15.16
17-10-1986,14.69
24-10-1986,15.01
31-10-1986,14.53
07-11-1986,14.98
14-11-1986,15.45
21-11-1986,15.4
28-11-1986,15.01
05-12-1986,15.2
12-12-1986,15.34
19-12-1986,16.23
26-12-1986,17.05
02-01-1987,17.86
09-01-1987,18.38
16-01-1987,19.04
23-01-1987,18.68
30-01-1987,18.62
06-02-1987,18.45
13-02-1987,18.14
20-02-1987,17.63
27-02-1987,16.75
06-03-1987,17.47
13-03-1987,18.31
20-03-1987,18.72
27-03-1987,18.59
03-04-1987,18.77
10-04-1987,18.6
17-04-1987,18.3
24-04-1987,18.94
01-05-1987,18.76
08-05-1987,19.14
15-05-1987,19.52
22-05-1987,19.85
29-05-1987,19.34
05-06-1987,19.73
12-06-1987,19.88
19-06-1987,20.38
26-06-1987,20.21
03-07-1987,20.46
10-07-1987,21.06
17-07-1987,22.03
24-07-1987,21.5
31-07-1987,21.25
07-08-1987,21.52
14-08-1987,20.8
21-08-1987,19.61
28-08-1987,19.42
04-09-1987,19.56
11-09-1987,19.38
18-09-1987,19.63
25-09-1987,19.57
02-10-1987,19.64
09-10-1987,19.65
16-10-1987,19.82
23-10-1987,19.98
30-10-1987,20.03
06-11-1987,19.17
13-11-1987,18.88
20-11-1987,18.6
27-11-1987,18.83
04-12-1987,18.62
11-12-1987,18.34
18-12-1987,16.35
25-12-1987,16.23
01-01-1988,16.78
08-01-1988,17.6
15-01-1988,16.79
22-01-1988,17.2
29-01-1988,16.92
05-02-1988,17.08
12-02-1988,17.24
19-02-1988,16.7
26-02-1988,16.33
04-03-1988,15.64
11-03-1988,15.74
18-03-1988,16.08
25-03-1988,16.58
01-04-1988,17.07
08-04-1988,16.89
15-04-1988,18.15
22-04-1988,18.16
29-04-1988,18.25
06-05-1988,17.34
13-05-1988,17.51
20-05-1988,17.53
27-05-1988,17.29
03-06-1988,17.55
10-06-1988,17.15
17-06-1988,16.58
24-06-1988,15.95
01-07-1988,15.47
08-07-1988,15.45
15-07-1988,14.64
22-07-1988,15.86
29-07-1988,16.14
05-08-1988,15.45
12-08-1988,15.67
19-08-1988,15.58
26-08-1988,15.54
02-09-1988,15.13
09-09-1988,14.4
16-09-1988,14.75
23-09-1988,14.9
30-09-1988,13.94
07-10-1988,12.85
14-10-1988,14.08
21-10-1988,14.76
28-10-1988,13.44
04-11-1988,13.75
11-11-1988,13.93
18-11-1988,13.75
25-11-1988,14.43
02-12-1988,15.33
09-12-1988,15.61
16-12-1988,16.31
23-12-1988,17.04
30-12-1988,16.99
06-01-1989,17.35
13-01-1989,18.06
20-01-1989,19.05
27-01-1989,17.85
03-02-1989,17.41
10-02-1989,17.39
17-02-1989,18.08
24-02-1989,18.46
03-03-1989,18.4
10-03-1989,18.5
17-03-1989,19.71
24-03-1989,20.0
31-03-1989,20.4
07-04-1989,20.11
14-04-1989,20.56
21-04-1989,22.73
28-04-1989,20.87
05-05-1989,20.23
12-05-1989,19.75
19-05-1989,20.42
26-05-1989,20.28
02-06-1989,19.89
09-06-1989,20.08
16-06-1989,19.94
23-06-1989,19.95
30-06-1989,20.25
07-07-1989,20.59
14-07-1989,20.42
21-07-1989,20.06
28-07-1989,18.34
04-08-1989,18.15
11-08-1989,18.25
18-08-1989,18.77
25-08-1989,18.96
01-09-1989,18.77
08-09-1989,19.31
15-09-1989,19.8
22-09-1989,19.63
29-09-1989,19.77
06-10-1989,20.03
13-10-1989,20.37
20-10-1989,20.46
27-10-1989,19.65
03-11-1989,19.99
10-11-1989,19.89
17-11-1989,19.74
24-11-1989,20.02
01-12-1989,19.7
08-12-1989,20.36
15-12-1989,20.81
22-12-1989,21.76
29-12-1989,21.78
05-01-1990,23.29
12-01-1990,22.62
19-01-1990,22.71
26-01-1990,23.08
02-02-1990,22.7
09-02-1990,22.23
16-02-1990,22.27
23-02-1990,21.81
02-03-1990,21.51
09-03-1990,21.01
16-03-1990,20.19
23-03-1990,19.73
30-03-1990,20.26
06-04-1990,19.83
13-04-1990,17.96
20-04-1990,17.6
27-04-1990,18.2
04-05-1990,18.37
11-05-1990,18.71
18-05-1990,19.19
25-05-1990,16.83
01-06-1990,17.72
08-06-1990,16.77
15-06-1990,17.11
22-06-1990,15.9
29-06-1990,16.84
06-07-1990,16.68
13-07-1990,17.64
20-07-1990,18.83
27-07-1990,19.89
03-08-1990,21.98
10-08-1990,27.32
17-08-1990,27.27
24-08-1990,30.08
31-08-1990,27.13
07-09-1990,29.67
14-09-1990,30.99
21-09-1990,34.21
28-09-1990,39.16
05-10-1990,36.64
12-10-1990,39.88
19-10-1990,36.84
26-10-1990,31.32
02-11-1990,34.95
09-11-1990,33.89
16-11-1990,31.5
23-11-1990,30.69
30-11-1990,32.32
07-12-1990,27.72
14-12-1990,26.39
21-12-1990,27.56
28-12-1990,27.21
04-01-1991,26.38
11-01-1991,27.55
18-01-1991,26.85
25-01-1991,24.08
01-02-1991,21.41
08-02-1991,21.3
15-02-1991,22.12
22-02-1991,19.38
01-03-1991,18.73
08-03-1991,19.86
15-03-1991,19.89
22-03-1991,20.3
29-03-1991,19.58
05-04-1991,19.63
12-04-1991,20.89
19-04-1991,21.48
26-04-1991,21.19
03-05-1991,21.23
10-05-1991,21.69
17-05-1991,20.95
24-05-1991,21.04
31-05-1991,21.21
07-06-1991,20.63
14-06-1991,19.84
21-06-1991,20.08
28-06-1991,20.21
05-07-1991,20.8
12-07-1991,21.43
19-07-1991,21.91
26-07-1991,21.4
02-08-1991,21.46
09-08-1991,21.5
16-08-1991,21.44
23-08-1991,21.99
30-08-1991,21.98
06-09-1991,21.84
13-09-1991,21.54
20-09-1991,21.85
27-09-1991,22.24
04-10-1991,22.41
11-10-1991,23.08
18-10-1991,23.82
25-10-1991,23.46
01-11-1991,23.32
08-11-1991,23.47
15-11-1991,22.57
22-11-1991,22.04
29-11-1991,21.49
06-12-1991,20.55
13-12-1991,19.64
20-12-1991,19.2
27-12-1991,18.68
03-01-1992,19.11
10-01-1992,18.41
17-01-1992,18.81
24-01-1992,18.66
31-01-1992,19.05
07-02-1992,19.42
14-02-1992,19.49
21-02-1992,18.62
28-02-1992,18.51
06-03-1992,18.55
13-03-1992,18.76
20-03-1992,19.1
27-03-1992,19.09
03-04-1992,19.73
10-04-1992,20.43
17-04-1992,20.06
24-04-1992,20.06
01-05-1992,20.63
08-05-1992,20.86
15-05-1992,20.8
22-05-1992,20.49
29-05-1992,21.98
05-06-1992,22.38
12-06-1992,22.35
19-06-1992,22.26
26-06-1992,22.68
03-07-1992,22.03
10-07-1992,21.48
17-07-1992,21.58
24-07-1992,21.95
31-07-1992,21.95
07-08-1992,21.34
14-08-1992,21.18
21-08-1992,21.39
28-08-1992,21.43
04-09-1992,21.66
11-09-1992,21.94
18-09-1992,22.21
25-09-1992,21.71
02-10-1992,21.81
09-10-1992,21.9
16-10-1992,22.25
23-10-1992,21.58
30-10-1992,20.95
06-11-1992,20.52
13-11-1992,20.37
20-11-1992,20.35
27-11-1992,20.16
04-12-1992,19.38
11-12-1992,19.01
18-12-1992,19.38
25-12-1992,19.91
01-01-1993,19.63
08-01-1993,19.0
15-01-1993,18.62
22-01-1993,18.61
29-01-1993,19.9
05-02-1993,20.22
12-02-1993,20.13
19-02-1993,19.51
26-02-1993,20.4
05-03-1993,20.69
12-03-1993,20.45
19-03-1993,20.14
26-03-1993,20.0
02-04-1993,20.44
09-04-1993,20.37
16-04-1993,20.28
23-04-1993,19.95
30-04-1993,20.3
07-05-1993,20.47
14-05-1993,20.06
21-05-1993,19.43
28-05-1993,19.84
04-06-1993,19.95
11-06-1993,19.43
18-06-1993,18.76
25-06-1993,18.52
02-07-1993,18.61
09-07-1993,18.02
16-07-1993,17.72
23-07-1993,17.54
30-07-1993,18.18
06-08-1993,17.67
13-08-1993,17.87
20-08-1993,17.84
27-08-1993,18.49
03-09-1993,18.1
10-09-1993,16.96
17-09-1993,16.94
24-09-1993,17.67
01-10-1993,18.33
08-10-1993,18.46
15-10-1993,18.57
22-10-1993,18.12
29-10-1993,17.37
05-11-1993,17.29
12-11-1993,16.71
19-11-1993,16.75
26-11-1993,16.08
03-12-1993,15.21
10-12-1993,14.68
17-12-1993,14.31
24-12-1993,14.4
31-12-1993,14.21
07-01-1994,15.03
14-01-1994,14.67
21-01-1994,15.02
28-01-1994,15.34
04-02-1994,15.76
11-02-1994,14.87
18-02-1994,14.13
25-02-1994,14.44
04-03-1994,14.68
11-03-1994,14.24
18-03-1994,14.82
25-03-1994,15.15
01-04-1994,14.44
08-04-1994,15.65
15-04-1994,16.07
22-04-1994,17.02
29-04-1994,16.93
06-05-1994,17.2
13-05-1994,17.93
20-05-1994,18.21
27-05-1994,18.14
03-06-1994,18.24
10-06-1994,18.26
17-06-1994,19.61
24-06-1994,19.8
01-07-1994,19.16
08-07-1994,19.39
15-07-1994,20.16
22-07-1994,19.39
29-07-1994,19.66
05-08-1994,20.09
12-08-1994,18.88
19-08-1994,17.85
26-08-1994,17.23
02-09-1994,17.52
09-09-1994,17.65
16-09-1994,16.93
23-09-1994,17.38
30-09-1994,17.83
07-10-1994,18.13
14-10-1994,17.37
21-10-1994,17.35
28-10-1994,17.93
04-11-1994,18.69
11-11-1994,18.25
18-11-1994,17.51
25-11-1994,17.73
02-12-1994,17.78
09-12-1994,16.99
16-12-1994,16.86
23-12-1994,17.1
30-12-1994,17.71
06-01-1995,17.62
13-01-1995,17.55
20-01-1995,18.45
27-01-1995,18.34
03-02-1995,18.5
10-02-1995,18.42
17-02-1995,18.55
24-02-1995,18.75
03-03-1995,18.5
10-03-1995,18.27
17-03-1995,18.13
24-03-1995,18.69
31-03-1995,19.12
07-04-1995,19.43
14-04-1995,19.53
21-04-1995,20.26
28-04-1995,20.29
05-05-1995,20.24
12-05-1995,19.74
19-05-1995,19.98
26-05-1995,19.37
02-06-1995,18.92
09-06-1995,19.05
16-06-1995,18.91
23-06-1995,17.88
30-06-1995,17.71
07-07-1995,17.28
14-07-1995,17.34
21-07-1995,17.21
28-07-1995,17.41
04-08-1995,17.72
11-08-1995,17.81
18-08-1995,17.6
25-08-1995,19.02
01-09-1995,17.88
08-09-1995,18.37
15-09-1995,18.72
22-09-1995,18.32
29-09-1995,17.55
06-10-1995,17.29
13-10-1995,17.28
20-10-1995,17.51
27-10-1995,17.56
03-11-1995,17.79
10-11-1995,17.76
17-11-1995,18.06
24-11-1995,17.99
01-12-1995,18.32
08-12-1995,18.74
15-12-1995,19.02
22-12-1995,19.12
29-12-1995,19.44
05-01-1996,19.99
12-01-1996,19.43
19-01-1996,18.64
26-01-1996,18.35
02-02-1996,17.64
09-02-1996,17.72
16-02-1996,18.8
23-02-1996,21.45
01-03-1996,19.49
08-03-1996,19.72
15-03-1996,20.8
22-03-1996,23.16
29-03-1996,22.03
05-04-1996,22.49
12-04-1996,23.95
19-04-1996,24.34
26-04-1996,23.8
03-05-1996,21.16
10-05-1996,20.98
17-05-1996,21.06
24-05-1996,22.24
31-05-1996,20.37
07-06-1996,20.04
14-06-1996,20.15
21-06-1996,20.95
28-06-1996,20.55
05-07-1996,21.4
12-07-1996,21.65
19-07-1996,21.8
26-07-1996,20.96
02-08-1996,20.66
09-08-1996,21.35
16-08-1996,22.25
23-08-1996,22.5
30-08-1996,21.82
06-09-1996,23.48
13-09-1996,24.42
20-09-1996,23.52
27-09-1996,24.33
04-10-1996,24.44
11-10-1996,24.93
18-10-1996,25.45
25-10-1996,25.15
01-11-1996,23.91
08-11-1996,22.92
15-11-1996,23.9
22-11-1996,24.03
29-11-1996,24.21
06-12-1996,25.14
13-12-1996,24.2
20-12-1996,26.02
27-12-1996,25.44
03-01-1997,25.59
10-01-1997,26.3
17-01-1997,25.42
24-01-1997,24.4
31-01-1997,24.24
07-02-1997,23.49
14-02-1997,22.21
21-02-1997,22.18
28-02-1997,20.83
07-03-1997,20.77
14-03-1997,20.64
21-03-1997,21.72
28-03-1997,20.83
04-04-1997,19.76
11-04-1997,19.38
18-04-1997,19.65
25-04-1997,19.85
02-05-1997,19.99
09-05-1997,19.94
16-05-1997,21.45
23-05-1997,21.43
30-05-1997,20.9
06-06-1997,20.12
13-06-1997,18.88
20-06-1997,18.93
27-06-1997,19.0
04-07-1997,19.95
11-07-1997,19.44
18-07-1997,19.49
25-07-1997,19.52
01-08-1997,20.13
08-08-1997,20.35
15-08-1997,19.99
22-08-1997,19.92
29-08-1997,19.5
05-09-1997,19.61
12-09-1997,19.44
19-09-1997,19.44
26-09-1997,20.12
03-10-1997,21.62
10-10-1997,22.01
17-10-1997,21.03
24-10-1997,21.0
31-10-1997,20.92
07-11-1997,20.65
14-11-1997,20.66
21-11-1997,19.81
28-11-1997,19.3
05-12-1997,18.69
12-12-1997,18.44
19-12-1997,18.31
26-12-1997,18.31
02-01-1998,17.58
09-01-1998,16.83
16-01-1998,16.47
23-01-1998,16.02
30-01-1998,17.3
06-02-1998,16.65
13-02-1998,16.25
20-02-1998,16.03
27-02-1998,15.3
06-03-1998,15.23
13-03-1998,14.4
20-03-1998,14.04
27-03-1998,16.42
03-04-1998,15.98
10-04-1998,15.55
17-04-1998,15.53
24-04-1998,14.5
01-05-1998,15.71
08-05-1998,15.48
15-05-1998,15.03
22-05-1998,13.91
29-05-1998,14.99
05-06-1998,15.02
12-06-1998,13.42
19-06-1998,12.04
26-06-1998,14.17
03-07-1998,14.41
10-07-1998,13.94
17-07-1998,14.48
24-07-1998,13.89
31-07-1998,14.24
07-08-1998,13.83
14-08-1998,13.12
21-08-1998,13.33
28-08-1998,13.65
04-09-1998,13.98
11-09-1998,14.45
18-09-1998,14.88
25-09-1998,15.78
02-10-1998,15.83
09-10-1998,15.02
16-10-1998,14.21
23-10-1998,13.81
30-10-1998,14.34
06-11-1998,14.13
13-11-1998,13.63
20-11-1998,12.4
27-11-1998,11.62
04-12-1998,11.28
11-12-1998,11.16
18-12-1998,11.5
25-12-1998,11.0
01-01-1999,11.83
08-01-1999,12.67
15-01-1999,12.62
22-01-1999,12.26
29-01-1999,12.46
05-02-1999,12.16
12-02-1999,11.81
19-02-1999,11.66
26-02-1999,12.36
05-03-1999,12.9
12-03-1999,14.19
19-03-1999,14.91
26-03-1999,15.55
02-04-1999,16.61
09-04-1999,16.45
16-04-1999,16.77
23-04-1999,17.93
30-04-1999,18.23
07-05-1999,18.62
14-05-1999,18.0
21-05-1999,17.18
28-05-1999,17.07
04-06-1999,16.77
11-06-1999,17.96
18-06-1999,18.21
25-06-1999,18.05
02-07-1999,19.04
09-07-1999,19.87
16-07-1999,20.21
23-07-1999,19.89
30-07-1999,20.62
06-08-1999,20.54
13-08-1999,21.44
20-08-1999,21.62
27-08-1999,21.21
03-09-1999,21.88
10-09-1999,23.0
17-09-1999,24.28
24-09-1999,24.53
01-10-1999,24.58
08-10-1999,22.72
15-10-1999,22.54
22-10-1999,22.65
29-10-1999,22.5
05-11-1999,22.72
12-11-1999,24.22
19-11-1999,26.05
26-11-1999,27.35
03-12-1999,25.46
10-12-1999,26.19
17-12-1999,26.2
24-12-1999,26.07
31-12-1999,26.34
07-01-2000,24.95
14-01-2000,26.27
21-01-2000,29.37
28-01-2000,28.34
04-02-2000,28.08
11-02-2000,28.83
18-02-2000,29.87
25-02-2000,30.1
03-03-2000,31.07
10-03-2000,32.14
17-03-2000,31.29
24-03-2000,27.99
31-03-2000,26.92
07-04-2000,25.6
14-04-2000,24.87
21-04-2000,26.66
28-04-2000,25.95
05-05-2000,26.75
12-05-2000,28.7
19-05-2000,29.88
26-05-2000,29.46
02-06-2000,29.98
09-06-2000,29.79
16-06-2000,32.45
23-06-2000,33.55
30-06-2000,32.12
07-07-2000,30.4
14-07-2000,30.44
21-07-2000,30.65
28-07-2000,28.02
04-08-2000,28.5
11-08-2000,30.14
18-08-2000,31.82
25-08-2000,32.46
01-09-2000,33.08
08-09-2000,34.42
15-09-2000,34.7
22-09-2000,35.49
29-09-2000,31.13
06-10-2000,31.27
13-10-2000,33.9
20-10-2000,33.48
27-10-2000,33.92
03-11-2000,32.78
10-11-2000,33.46
17-11-2000,35.0
24-11-2000,35.91
01-12-2000,34.1
08-12-2000,29.69
15-12-2000,29.05
22-12-2000,27.38
29-12-2000,26.52
05-01-2001,27.8
12-01-2001,28.81
19-01-2001,30.63
26-01-2001,31.35
02-02-2001,29.59
09-02-2001,30.92
16-02-2001,29.67
23-02-2001,28.65
02-03-2001,27.91
09-03-2001,28.45
16-03-2001,27.02
23-03-2001,26.42
30-03-2001,26.86
06-04-2001,26.76
13-04-2001,28.27
20-04-2001,27.89
27-04-2001,26.99
04-05-2001,28.36
11-05-2001,28.12
18-05-2001,29.08
25-05-2001,28.92
01-06-2001,28.44
08-06-2001,27.98
15-06-2001,28.9
22-06-2001,27.09
29-06-2001,26.37
06-07-2001,26.87
13-07-2001,27.07
20-07-2001,25.26
27-07-2001,26.5
03-08-2001,27.1
10-08-2001,27.87
17-08-2001,27.52
24-08-2001,27.25
31-08-2001,26.84
07-09-2001,27.38
14-09-2001,28.22
21-09-2001,27.09
28-09-2001,22.35
05-10-2001,22.6
12-10-2001,22.66
19-10-2001,21.92
26-10-2001,21.78
02-11-2001,21.17
09-11-2001,20.7
16-11-2001,19.61
23-11-2001,18.28
30-11-2001,19.13
07-12-2001,19.47
14-12-2001,18.45
21-12-2001,19.2
28-12-2001,20.94
04-01-2002,20.8
11-01-2002,20.54
18-01-2002,18.61
25-01-2002,19.21
01-02-2002,19.71
08-02-2002,19.97
15-02-2002,21.18
22-02-2002,20.7
01-03-2002,21.43
08-03-2002,23.31
15-03-2002,24.4
22-03-2002,25.25
29-03-2002,25.86
05-04-2002,26.99
12-04-2002,25.24
19-04-2002,25.54
26-04-2002,26.46
03-05-2002,26.88
10-05-2002,27.27
17-05-2002,28.43
24-05-2002,27.18
31-05-2002,25.22
07-06-2002,25.01
14-06-2002,24.94
21-06-2002,25.61
28-06-2002,26.52
05-07-2002,26.81
12-07-2002,26.7
19-07-2002,27.62
26-07-2002,26.64
02-08-2002,26.87
09-08-2002,26.77
16-08-2002,28.52
23-08-2002,30.09
30-08-2002,28.84
06-09-2002,28.65
13-09-2002,29.59
20-09-2002,29.39
27-09-2002,30.63
04-10-2002,30.25
11-10-2002,29.37
18-10-2002,29.65
25-10-2002,27.88
01-11-2002,27.03
08-11-2002,25.97
15-11-2002,25.68
22-11-2002,26.98
29-11-2002,26.83
06-12-2002,27.14
13-12-2002,27.82
20-12-2002,30.35
27-12-2002,32.38
03-01-2003,31.96
10-01-2003,31.54
17-01-2003,33.04
24-01-2003,34.46
31-01-2003,33.19
07-02-2003,33.95
14-02-2003,35.79
21-02-2003,36.78
28-02-2003,36.98
07-03-2003,36.98
14-03-2003,36.66
21-03-2003,30.46
28-03-2003,30.43
04-04-2003,29.33
11-04-2003,28.03
18-04-2003,29.28
25-04-2003,28.43
02-05-2003,25.69
09-05-2003,26.58
16-05-2003,28.54
23-05-2003,29.29
30-05-2003,29.1
06-06-2003,30.68
13-06-2003,31.46
20-06-2003,30.6
27-06-2003,30.01
04-07-2003,30.31
11-07-2003,30.73
18-07-2003,31.48
25-07-2003,30.61
01-08-2003,30.73
08-08-2003,32.11
15-08-2003,31.31
22-08-2003,31.19
29-08-2003,31.56
05-09-2003,29.2
12-09-2003,28.92
19-09-2003,27.39
26-09-2003,27.73
03-10-2003,29.43
10-10-2003,30.69
17-10-2003,31.49
24-10-2003,30.17
31-10-2003,29.28
07-11-2003,29.79
14-11-2003,31.56
21-11-2003,32.58
28-11-2003,30.11
05-12-2003,30.63
12-12-2003,32.16
19-12-2003,33.2
26-12-2003,32.24
02-01-2004,32.68
09-01-2004,33.89
16-01-2004,34.51
23-01-2004,35.45
30-01-2004,33.61
06-02-2004,33.41
13-02-2004,33.88
20-02-2004,35.54
27-02-2004,36.08
05-03-2004,36.67
12-03-2004,36.44
19-03-2004,37.78
26-03-2004,36.65
02-04-2004,35.23
09-04-2004,35.7
16-04-2004,37.39
23-04-2004,37.32
30-04-2004,37.31
07-05-2004,39.24
14-05-2004,40.37
21-05-2004,40.84
28-05-2004,40.65
04-06-2004,40.01
11-06-2004,37.99
18-06-2004,37.86
25-06-2004,37.7
02-07-2004,37.14
09-07-2004,39.73
16-07-2004,40.33
23-07-2004,41.27
30-07-2004,42.5
06-08-2004,43.81
13-08-2004,45.24
20-08-2004,47.28
27-08-2004,44.34
03-09-2004,43.28
10-09-2004,43.33
17-09-2004,44.39
24-09-2004,47.82
01-10-2004,49.71
08-10-2004,51.77
15-10-2004,54.12
22-10-2004,54.43
29-10-2004,53.43
05-11-2004,49.81
12-11-2004,48.0
19-11-2004,47.02
26-11-2004,48.79
03-12-2004,46.06
10-12-2004,41.91
17-12-2004,43.5
24-12-2004,44.39
31-12-2004,42.52
07-01-2005,44.07
14-01-2005,46.79
21-01-2005,47.85
28-01-2005,48.56
04-02-2005,46.97
11-02-2005,46.08
18-02-2005,47.82
25-02-2005,51.75
04-03-2005,52.74
11-03-2005,54.22
18-03-2005,55.93
25-03-2005,52.95
01-04-2005,54.97
08-04-2005,55.24
15-04-2005,51.44
22-04-2005,52.39
29-04-2005,52.0
06-05-2005,50.64
13-05-2005,50.33
20-05-2005,47.77
27-05-2005,50.15
03-06-2005,53.76
10-06-2005,53.74
17-06-2005,56.18
24-06-2005,59.04
01-07-2005,58.21
08-07-2005,60.36
15-07-2005,59.18
22-07-2005,57.3
29-07-2005,59.39
05-08-2005,61.64
12-08-2005,64.85
19-08-2005,64.92
26-08-2005,66.34
02-09-2005,68.47
09-09-2005,64.81
16-09-2005,63.84
23-09-2005,66.43
30-09-2005,66.06
07-10-2005,63.06
14-10-2005,62.87
21-10-2005,62.28
28-10-2005,61.33
04-11-2005,60.34
11-11-2005,58.8
18-11-2005,57.0
25-11-2005,58.13
02-12-2005,57.78
09-12-2005,59.83
16-12-2005,60.32
23-12-2005,57.97
30-12-2005,59.82
06-01-2006,63.39
13-01-2006,63.74
20-01-2006,66.79
27-01-2006,66.82
03-02-2006,66.59
10-02-2006,63.06
17-02-2006,59.37
24-02-2006,59.93
03-03-2006,62.27
10-03-2006,60.89
17-03-2006,62.64
24-03-2006,61.36
31-03-2006,65.67
07-04-2006,66.56
14-04-2006,68.85
21-04-2006,71.87
28-04-2006,70.38
05-05-2006,72.14
12-05-2006,71.5
19-05-2006,69.07
26-05-2006,70.35
02-06-2006,71.53
09-06-2006,71.54
16-06-2006,69.48
23-06-2006,69.94
30-06-2006,72.65
07-07-2006,74.65
14-07-2006,75.21
21-07-2006,73.98
28-07-2006,73.87
04-08-2006,75.2
11-08-2006,75.63
18-08-2006,71.79
25-08-2006,72.12
01-09-2006,70.01
08-09-2006,67.53
15-09-2006,63.98
22-09-2006,61.4
29-09-2006,61.94
06-10-2006,59.77
13-10-2006,58.58
20-10-2006,58.48
27-10-2006,58.88
03-11-2006,58.55
10-11-2006,59.96
17-11-2006,57.56
24-11-2006,57.24
01-12-2006,62.02
08-12-2006,62.32
15-12-2006,61.91
22-12-2006,62.4
29-12-2006,60.66
05-01-2007,57.76
12-01-2007,54.11
19-01-2007,51.51
26-01-2007,53.57
02-02-2007,57.11
09-02-2007,58.99
16-02-2007,58.41
23-02-2007,59.57
02-03-2007,61.64
09-03-2007,60.85
16-03-2007,57.94
23-03-2007,58.26
30-03-2007,64.18
06-04-2007,64.82
13-04-2007,62.58
20-04-2007,63.06
27-04-2007,65.26
04-05-2007,63.82
11-05-2007,61.9
18-05-2007,63.61
25-05-2007,64.89
01-06-2007,63.94
08-06-2007,65.9
15-06-2007,66.62
22-06-2007,68.78
29-06-2007,69.13
06-07-2007,71.78
13-07-2007,72.79
20-07-2007,74.92
27-07-2007,75.15
03-08-2007,76.75
10-08-2007,71.92
17-08-2007,72.05
24-08-2007,70.19
31-08-2007,72.93
07-09-2007,75.96
14-09-2007,78.95
21-09-2007,82.26
28-09-2007,81.7
05-10-2007,80.59
12-10-2007,81.46
19-10-2007,87.8
26-10-2007,89.23
02-11-2007,93.46
09-11-2007,95.81
16-11-2007,93.56
23-11-2007,97.93
30-11-2007,92.47
07-12-2007,88.71
14-12-2007,91.18
21-12-2007,91.16
28-12-2007,95.64
04-01-2008,98.17
11-01-2008,94.76
18-01-2008,91.51
25-01-2008,89.41
01-02-2008,91.14
08-02-2008,89.08
15-02-2008,94.13
22-02-2008,99.61
29-02-2008,100.84
07-03-2008,103.44
14-03-2008,109.35
21-03-2008,105.28
28-03-2008,104.49
04-04-2008,103.46
11-04-2008,109.71
18-04-2008,114.33
25-04-2008,118.53
02-05-2008,115.42
09-05-2008,123.01
16-05-2008,124.96
23-05-2008,130.14
30-05-2008,128.47
06-06-2008,128.16
13-06-2008,134.8
20-06-2008,134.34
27-06-2008,137.0
04-07-2008,142.52
11-07-2008,139.95
18-07-2008,135.37
25-07-2008,125.92
01-08-2008,124.57
08-08-2008,118.8
15-08-2008,114.4
22-08-2008,115.7
29-08-2008,116.09
05-09-2008,108.37
12-09-2008,102.88
19-09-2008,97.19
26-09-2008,111.12
03-10-2008,96.59
10-10-2008,86.24
17-10-2008,75.19
24-10-2008,68.56
31-10-2008,65.21
07-11-2008,64.31
14-11-2008,58.6
21-11-2008,52.26
28-11-2008,53.27
05-12-2008,45.6
12-12-2008,44.57
19-12-2008,39.7
26-12-2008,32.98
02-01-2009,42.4
09-01-2009,44.46
16-01-2009,36.73
23-01-2009,42.15
30-01-2009,42.7
06-02-2009,40.78
13-02-2009,36.94
20-02-2009,37.15
27-02-2009,41.1
06-03-2009,43.18
13-03-2009,45.66
20-03-2009,49.49
27-03-2009,52.99
03-04-2009,50.34
10-04-2009,50.46
17-04-2009,49.86
24-04-2009,47.8
01-05-2009,50.2
08-05-2009,55.96
15-05-2009,57.94
22-05-2009,60.32
29-05-2009,64.32
05-06-2009,68.11
12-06-2009,70.85
19-06-2009,70.62
26-06-2009,68.58
03-07-2009,69.32
10-07-2009,61.48
17-07-2009,61.29
24-07-2009,65.28
31-07-2009,67.03
07-08-2009,71.58
14-08-2009,69.64
21-08-2009,70.8
28-08-2009,72.37
04-09-2009,68.39
11-09-2009,70.91
18-09-2009,71.32
25-09-2009,68.33
02-10-2009,68.84
09-10-2009,70.8
16-10-2009,75.73
23-10-2009,80.06
30-10-2009,78.47
06-11-2009,79.0
13-11-2009,78.24
20-11-2009,78.37
27-11-2009,76.14
04-12-2009,76.81
11-12-2009,71.51
18-12-2009,71.72
25-12-2009,74.76
01-01-2010,79.07
08-01-2010,82.34
15-01-2010,80.06
22-01-2010,76.62
29-01-2010,73.94
05-02-2010,74.57
12-02-2010,73.88
19-02-2010,78.25
26-02-2010,79.22
05-03-2010,80.19
12-03-2010,81.76
19-03-2010,81.44
26-03-2010,80.65
02-04-2010,83.01
09-04-2010,85.66
16-04-2010,84.34
23-04-2010,82.9
30-04-2010,84.22
07-05-2010,80.24
14-05-2010,74.98
21-05-2010,69.14
28-05-2010,70.62
04-06-2010,72.91
11-06-2010,73.44
18-06-2010,76.7
25-06-2010,77.06
02-07-2010,74.96
09-07-2010,74.39
16-07-2010,76.35
23-07-2010,77.56
30-07-2010,78.12
06-08-2010,81.79
13-08-2010,78.17
20-08-2010,74.84
27-08-2010,72.91
03-09-2010,74.02
10-09-2010,74.82
17-09-2010,75.62
24-09-2010,73.76
01-10-2010,78.41
08-10-2010,82.29
15-10-2010,82.16
22-10-2010,81.15
29-10-2010,82.03
05-11-2010,84.93
12-11-2010,86.91
19-11-2010,82.23
26-11-2010,82.28
03-12-2010,86.75
10-12-2010,88.5
17-12-2010,88.27
24-12-2010,89.66
31-12-2010,90.97
07-01-2011,89.54
14-01-2011,91.02
21-01-2011,89.75
28-01-2011,86.11
04-02-2011,89.52
11-02-2011,85.51
18-02-2011,84.13
25-02-2011,95.26
04-03-2011,101.05
11-03-2011,103.74
18-03-2011,99.79
25-03-2011,104.41
01-04-2011,105.08
08-04-2011,109.29
15-04-2011,107.75
22-04-2011,109.11
29-04-2011,112.3
06-05-2011,105.84
13-05-2011,99.87
20-05-2011,97.99
27-05-2011,99.55
03-06-2011,100.92
10-06-2011,100.05
17-06-2011,95.87
24-06-2011,92.7
01-07-2011,93.7
08-07-2011,97.12
15-07-2011,96.72
22-07-2011,98.01
29-07-2011,97.83
05-08-2011,90.85
12-08-2011,82.86
19-08-2011,85.36
26-08-2011,85.06
02-09-2011,88.07
09-09-2011,87.91
16-09-2011,88.93
23-09-2011,83.65
30-09-2011,81.18
07-10-2011,79.43
14-10-2011,85.35
21-10-2011,86.82
28-10-2011,92.32
04-11-2011,93.24
11-11-2011,96.97
18-11-2011,99.32
25-11-2011,96.89
02-12-2011,99.91
09-12-2011,100.08
16-12-2011,96.06
23-12-2011,97.74
30-12-2011,99.81
06-01-2012,102.39
13-01-2012,100.43
20-01-2012,99.95
27-01-2012,99.35
03-02-2012,97.8
10-02-2012,98.56
17-02-2012,101.73
24-02-2012,107.18
02-03-2012,107.52
09-03-2012,106.32
16-03-2012,106.15
23-03-2012,106.41
30-03-2012,105.12
06-04-2012,103.52
13-04-2012,102.55
20-04-2012,103.15
27-04-2012,103.78
04-05-2012,103.47
11-05-2012,96.98
18-05-2012,93.11
25-05-2012,90.88
01-06-2012,87.06
08-06-2012,84.43
15-06-2012,83.27
22-06-2012,81.11
29-06-2012,80.23
06-07-2012,85.74
13-07-2012,85.78
20-07-2012,90.34
27-07-2012,88.88
03-08-2012,89.1
10-08-2012,93.14
17-08-2012,94.43
24-08-2012,96.22
31-08-2012,95.68
07-09-2012,95.68
14-09-2012,97.56
21-09-2012,93.7
28-09-2012,91.35
05-10-2012,90.81
12-10-2012,91.42
19-10-2012,91.59
26-10-2012,86.35
02-11-2012,85.87
09-11-2012,85.98
16-11-2012,85.87
23-11-2012,87.4
30-11-2012,87.27
07-12-2012,87.0
14-12-2012,85.71
21-12-2012,88.24
28-12-2012,90.14
04-01-2013,92.77
11-01-2013,93.38
18-01-2013,94.58
25-01-2013,95.41
01-02-2013,97.33
08-02-2013,96.18
15-02-2013,96.95
22-02-2013,94.38
01-03-2013,92.19
08-03-2013,91.0
15-03-2013,92.7
22-03-2013,93.05
29-03-2013,96.08
05-04-2013,95.07
12-04-2013,93.36
19-04-2013,88.0
26-04-2013,91.0
03-05-2013,93.4
10-05-2013,95.84
17-05-2013,94.65
24-05-2013,94.76
31-05-2013,93.32
07-06-2013,94.25
14-06-2013,96.36
21-06-2013,96.65
28-06-2013,95.83
05-07-2013,100.65
12-07-2013,104.7
19-07-2013,106.88
26-07-2013,105.88
02-08-2013,105.54
09-08-2013,105.17
16-08-2013,106.97
23-08-2013,105.48
30-08-2013,108.33
06-09-2013,108.77
13-09-2013,108.36
20-09-2013,106.22
27-09-2013,103.1
04-10-2013,103.14
11-10-2013,102.7
18-10-2013,101.51
25-10-2013,97.57
01-11-2013,96.94
08-11-2013,94.31
15-11-2013,93.94
22-11-2013,93.92
29-11-2013,92.97
06-12-2013,96.21
13-12-2013,97.23
20-12-2013,97.85
27-12-2013,99.15
03-01-2014,96.47
10-01-2014,92.42
17-01-2014,92.98
24-01-2014,96.19
31-01-2014,97.29
07-02-2014,97.78
14-02-2014,100.21
21-02-2014,102.93
28-02-2014,102.77
07-03-2014,103.07
14-03-2014,99.55
21-03-2014,99.77
28-03-2014,100.66
04-04-2014,100.46
11-04-2014,102.72
18-04-2014,103.95
25-04-2014,102.11
02-05-2014,100.51
09-05-2014,100.29
16-05-2014,101.92
23-05-2014,103.82
30-05-2014,103.95
06-06-2014,103.23
13-06-2014,105.97
20-06-2014,107.23
27-06-2014,106.69
04-07-2014,105.52
11-07-2014,103.25
18-07-2014,102.37
25-07-2014,104.35
01-08-2014,102.19
08-08-2014,97.5
15-08-2014,97.17
22-08-2014,94.95
29-08-2014,96.25
05-09-2014,94.06
12-09-2014,92.43
19-09-2014,93.52
26-09-2014,93.15
03-10-2014,91.44
10-10-2014,87.63
17-10-2014,82.88
24-10-2014,82.12
31-10-2014,81.29
07-11-2014,78.24
14-11-2014,76.5
21-11-2014,75.38
28-11-2014,72.36
05-12-2014,67.18
12-12-2014,61.14
19-12-2014,55.89
26-12-2014,55.58
02-01-2015,53.44
09-01-2015,48.77
16-01-2015,47.07
23-01-2015,46.46
30-01-2015,45.32
06-02-2015,50.58
13-02-2015,51.14
20-02-2015,51.69
27-02-2015,49.16
06-03-2015,50.38
13-03-2015,47.69
20-03-2015,44.39
27-03-2015,48.68
03-04-2015,48.91
10-04-2015,51.78
17-04-2015,54.78
24-04-2015,56.14
01-05-2015,57.98
08-05-2015,59.73
15-05-2015,60.01
22-05-2015,58.95
29-05-2015,58.19
05-06-2015,59.66
12-06-2015,60.07
19-06-2015,59.89
26-06-2015,60.01
03-07-2015,57.92
10-07-2015,52.38
17-07-2015,51.68
24-07-2015,49.21
31-07-2015,47.91
07-08-2015,44.94
14-08-2015,43.2
21-08-2015,41.34
28-08-2015,40.73
04-09-2015,46.73
11-09-2015,45.16
18-09-2015,45.48
25-09-2015,45.57
02-10-2015,45.0
09-10-2015,48.36
16-10-2015,46.82
23-10-2015,45.16
30-10-2015,44.99
06-11-2015,45.98
13-11-2015,42.7
20-11-2015,40.62
27-11-2015,40.49
04-12-2015,40.4
11-12-2015,36.93
18-12-2015,35.78
25-12-2015,36.26
01-01-2016,36.99
08-01-2016,34.65
15-01-2016,30.59
22-01-2016,29.19
29-01-2016,31.81
05-02-2016,31.26
12-02-2016,28.14
19-02-2016,30.02
26-02-2016,31.32
04-03-2016,34.43
11-03-2016,37.69
18-03-2016,38.32
25-03-2016,39.45
01-04-2016,36.82
08-04-2016,36.72
15-04-2016,41.23
22-04-2016,41.86
29-04-2016,44.3
06-05-2016,44.22
13-05-2016,45.44
20-05-2016,47.99
27-05-2016,48.72
03-06-2016,49.0
10-06-2016,50.18
17-06-2016,47.89
24-06-2016,48.71
01-07-2016,48.17
08-07-2016,46.17
15-07-2016,45.6
22-07-2016,44.44
29-07-2016,41.83
05-08-2016,40.82
12-08-2016,43.11
19-08-2016,47.16
26-08-2016,47.05
02-09-2016,45.11
09-09-2016,45.96
16-09-2016,44.34
23-09-2016,44.59
30-09-2016,46.55
07-10-2016,49.48
14-10-2016,50.29
21-10-2016,50.56
28-10-2016,49.36
04-11-2016,45.51
11-11-2016,44.61
18-11-2016,45.15
25-11-2016,47.25
02-12-2016,48.63
09-12-2016,50.97
16-12-2016,51.91
23-12-2016,51.95
30-12-2016,53.6
06-01-2017,53.34
13-01-2017,52.07
20-01-2017,51.82
27-01-2017,52.74
03-02-2017,53.33
10-02-2017,52.88
17-02-2017,53.22
24-02-2017,54.03
03-03-2017,53.56
10-03-2017,50.5
17-03-2017,48.03
24-03-2017,47.28
31-03-2017,49.14
07-04-2017,51.26
14-04-2017,53.19
21-04-2017,51.09
28-04-2017,49.12
05-05-2017,47.21
12-05-2017,47.04
19-05-2017,49.24
26-05-2017,50.21
02-06-2017,48.48
09-06-2017,46.57
16-06-2017,45.3
23-06-2017,43.09
30-06-2017,44.63
07-07-2017,44.96
14-07-2017,45.51
21-07-2017,46.41
28-07-2017,48.27
04-08-2017,49.52
11-08-2017,49.08
18-08-2017,47.52
25-08-2017,47.68
01-09-2017,46.68
08-09-2017,48.58
15-09-2017,49.07
22-09-2017,50.12
29-09-2017,51.77
06-10-2017,50.23
13-10-2017,50.77
20-10-2017,51.74
27-10-2017,52.51
03-11-2017,54.59
10-11-2017,57.05
17-11-2017,55.81
24-11-2017,57.47
01-12-2017,57.81
08-12-2017,56.92
15-12-2017,57.17
22-12-2017,57.87
29-12-2017,59.88
05-01-2018,61.36
12-01-2018,63.26
19-01-2018,63.77
26-01-2018,65.14
02-02-2018,65.32
09-02-2018,62.01
16-02-2018,60.56
23-02-2018,62.47
02-03-2018,62.07
09-03-2018,61.65
16-03-2018,61.28
23-03-2018,64.11
30-03-2018,64.97
06-04-2018,63.07
13-04-2018,66.02
20-04-2018,67.55
27-04-2018,67.91
04-05-2018,68.38
11-05-2018,70.56
