Date,Symbol,Underlying Close Price (A),Underlying Previous Day Close Price (B),Underlying Log Returns (C) = LN(A/B),Previous Day Underlying Volatility (D),Current Day Underlying Daily Volatility (E) = Sqrt(0.94*D*D + 0.06*C*C),Underlying Annualised Volatility (F) = E*Sqrt(365)
14-JUL-2015,20MICRONS,30.75,30.70,0.0016,0.0189,0.0183,0.3496
14-JUL-2015,3IINFOTECH,4.15,4.35,-0.0471,0.0465,0.0465,0.8884
14-JUL-2015,3MINDIA,8194.15,8187.65,0.0008,0.0162,0.0157,0.2999
14-JUL-2015,8KMILES,894.85,908.35,-0.0150,0.0351,0.0342,0.6534
14-JUL-2015,A2ZINFRA,24.90,25.00,-0.0040,0.0666,0.0646,1.2342
14-JUL-2015,AARTIDRUGS,662.95,656.20,0.0102,0.0308,0.0300,0.5731
14-JUL-2015,AARTIIND,376.75,366.95,0.0264,0.0240,0.0241,0.4604
14-JUL-2015,AARVEEDEN,49.10,46.55,0.0533,0.0328,0.0344,0.6572
14-JUL-2015,ABAN,321.80,277.25,0.1490,0.0196,0.0412,0.7871
14-JUL-2015,ABB,1383.75,1393.30,-0.0069,0.0174,0.0170,0.3248
14-JUL-2015,ABBOTINDIA,4002.00,4031.05,-0.0072,0.0112,0.0110,0.2102
14-JUL-2015,ABCIL,222.25,222.70,-0.0020,0.0147,0.0143,0.2732
14-JUL-2015,ABGSHIP,186.75,181.60,0.0280,0.0400,0.0394,0.7527
14-JUL-2015,ABHISHEK,4.50,4.50,0.0000,0.0016,0.0016,0.0306
14-JUL-2015,ABIRLANUVO,1917.05,1920.60,-0.0019,0.0203,0.0197,0.3764
14-JUL-2015,ACC,1478.45,1475.05,0.0023,0.0141,0.0137,0.2617
14-JUL-2015,ACCELYA,996.55,997.40,-0.0009,0.0124,0.0120,0.2293
14-JUL-2015,ACE,44.60,43.35,0.0284,0.0278,0.0278,0.5311
14-JUL-2015,ACROPETAL,3.05,3.15,-0.0323,0.0520,0.0510,0.9744
14-JUL-2015,ADANIENT,89.40,90.65,-0.0139,0.0365,0.0356,0.6801
14-JUL-2015,ADANIPORTS,315.90,321.40,-0.0173,0.0205,0.0203,0.3878
14-JUL-2015,ADANIPOWER,28.70,28.50,0.0070,0.0294,0.0286,0.5464
14-JUL-2015,ADFFOODS,76.55,72.25,0.0578,0.0272,0.0299,0.5712
14-JUL-2015,ADHUNIK,15.65,15.50,0.0096,0.0266,0.0259,0.4948
14-JUL-2015,ADI,259.35,263.20,-0.0147,0.0231,0.0227,0.4337
14-JUL-2015,ADLABS,152.00,152.65,-0.0043,0.0416,0.0403,0.7699
14-JUL-2015,ADORWELD,292.60,282.00,0.0369,0.0346,0.0347,0.6629
14-JUL-2015,ADSL,31.05,30.35,0.0228,0.0593,0.0578,1.1043
14-JUL-2015,ADVANIHOTR,54.00,54.00,0.0000,0.0471,0.0457,0.8731
14-JUL-2015,ADVANTA,481.85,463.25,0.0394,0.0248,0.0259,0.4948
14-JUL-2015,AEGISCHEM,864.10,834.90,0.0344,0.0240,0.0247,0.4719
14-JUL-2015,AFL,100.75,103.90,-0.0308,0.0376,0.0372,0.7107
14-JUL-2015,AGARIND,104.05,103.95,0.0010,0.0222,0.0215,0.4108
14-JUL-2015,AGCNET,114.10,117.65,-0.0306,0.0378,0.0374,0.7145
14-JUL-2015,AGRITECH,5.05,5.55,-0.0944,0.0431,0.0478,0.9132
14-JUL-2015,AGRODUTCH,4.10,4.20,-0.0241,0.0357,0.0351,0.6706
14-JUL-2015,AHLEAST,171.00,171.85,-0.0050,0.0152,0.0148,0.2828
14-JUL-2015,AHLUCONT,225.60,217.70,0.0356,0.0339,0.0340,0.6496
14-JUL-2015,AHLWEST,108.00,108.60,-0.0055,0.0261,0.0253,0.4834
14-JUL-2015,AIAENG,1004.90,1000.30,0.0046,0.0192,0.0186,0.3554
14-JUL-2015,AICHAMP,16.75,16.75,0.0000,0.0150,0.0145,0.2770
14-JUL-2015,AIL,760.15,759.65,0.0007,0.0140,0.0136,0.2598
14-JUL-2015,AJANTPHARM,1600.90,1603.55,-0.0017,0.0205,0.0199,0.3802
14-JUL-2015,AJMERA,140.90,141.85,-0.0067,0.0335,0.0325,0.6209
14-JUL-2015,AKSHOPTFBR,18.80,19.40,-0.0314,0.0344,0.0342,0.6534
14-JUL-2015,AKZOINDIA,1305.70,1310.70,-0.0038,0.0139,0.0135,0.2579
14-JUL-2015,ALANKIT,213.65,215.05,-0.0065,0.0079,0.0078,0.1490
14-JUL-2015,ALBK,91.75,92.75,-0.0108,0.0207,0.0202,0.3859
14-JUL-2015,ALCHEM,26.35,25.00,0.0526,0.0398,0.0407,0.7776
14-JUL-2015,ALEMBICLTD,45.30,48.10,-0.0600,0.0416,0.0429,0.8196
14-JUL-2015,ALICON,287.65,287.40,0.0009,0.0318,0.0308,0.5884
14-JUL-2015,ALKALI,45.65,44.65,0.0221,0.0445,0.0435,0.8311
14-JUL-2015,ALKYLAMINE,291.40,288.00,0.0117,0.0260,0.0254,0.4853
14-JUL-2015,ALLCARGO,293.00,287.20,0.0200,0.0154,0.0157,0.2999
14-JUL-2015,ALLSEC,33.25,34.30,-0.0311,0.0570,0.0558,1.0661
14-JUL-2015,ALMONDZ,10.05,10.35,-0.0294,0.0262,0.0264,0.5044
14-JUL-2015,ALOKTEXT,7.05,7.05,0.0000,0.0358,0.0347,0.6629
14-JUL-2015,ALPA,14.75,14.90,-0.0101,0.0292,0.0284,0.5426
14-JUL-2015,ALPHAGEO,427.45,417.65,0.0232,0.0316,0.0312,0.5961
14-JUL-2015,ALPSINDUS,5.00,4.80,0.0408,0.0822,0.0803,1.5341
14-JUL-2015,ALSTOMT&D,590.75,595.20,-0.0075,0.0178,0.0174,0.3324
14-JUL-2015,AMARAJABAT,879.25,861.00,0.0210,0.0127,0.0133,0.2541
14-JUL-2015,AMBIKCO,1023.75,1019.25,0.0044,0.0279,0.0271,0.5177
14-JUL-2015,AMBUJACEM,252.35,247.85,0.0180,0.0163,0.0164,0.3133
14-JUL-2015,AMDIND,28.45,25.85,0.0958,0.0352,0.0414,0.7909
14-JUL-2015,AMRUTANJAN,443.95,441.60,0.0053,0.0238,0.0231,0.4413
14-JUL-2015,AMTEKAUTO,154.65,157.65,-0.0192,0.0323,0.0317,0.6056
14-JUL-2015,AMTL,27.40,24.95,0.0937,0.0574,0.0602,1.1501
14-JUL-2015,ANANTRAJ,40.80,39.70,0.0273,0.0317,0.0315,0.6018
14-JUL-2015,ANDHRABANK,72.15,72.05,0.0014,0.0182,0.0176,0.3362
14-JUL-2015,ANDHRACEMT,6.65,6.60,0.0075,0.0174,0.0170,0.3248
14-JUL-2015,ANDHRSUGAR,95.10,97.85,-0.0285,0.0185,0.0192,0.3668
14-JUL-2015,ANGIND,40.30,37.05,0.0841,0.0385,0.0426,0.8139
14-JUL-2015,ANIKINDS,30.00,30.10,-0.0033,0.0348,0.0337,0.6438
14-JUL-2015,ANKITMETAL,2.70,2.70,0.0000,0.0519,0.0503,0.9610
14-JUL-2015,ANSALAPI,18.20,18.10,0.0055,0.0286,0.0278,0.5311
14-JUL-2015,ANSALHSG,25.75,25.75,0.0000,0.0217,0.0210,0.4012
14-JUL-2015,ANTGRAPHIC,0.10,0.10,0.0000,0.1458,0.1414,2.7014
14-JUL-2015,APARINDS,377.15,377.55,-0.0011,0.0251,0.0243,0.4643
14-JUL-2015,APCOTEXIND,515.55,503.05,0.0245,0.0242,0.0242,0.4623
14-JUL-2015,APLAPOLLO,443.20,391.50,0.1240,0.0208,0.0365,0.6973
14-JUL-2015,APLLTD,768.80,763.65,0.0067,0.0246,0.0239,0.4566
14-JUL-2015,APOLLOHOSP,1349.20,1338.00,0.0083,0.0175,0.0171,0.3267
14-JUL-2015,APOLLOTYRE,183.30,183.05,0.0014,0.0243,0.0236,0.4509
14-JUL-2015,APOLSINHOT,199.90,199.90,0.0000,0.0263,0.0255,0.4872
14-JUL-2015,APTECHT,66.30,61.15,0.0809,0.0246,0.0310,0.5923
14-JUL-2015,ARCHIDPLY,42.10,41.85,0.0060,0.0454,0.0440,0.8406
14-JUL-2015,ARCHIES,27.90,27.65,0.0090,0.0592,0.0574,1.0966
14-JUL-2015,ARCOTECH,345.75,346.50,-0.0022,0.0115,0.0112,0.2140
14-JUL-2015,ARIES,114.00,108.40,0.0504,0.0379,0.0388,0.7413
14-JUL-2015,ARIHANT,39.00,36.80,0.0581,0.0574,0.0574,1.0966
14-JUL-2015,AROGRANITE,69.45,57.90,0.1819,0.0324,0.0545,1.0412
14-JUL-2015,ARROWCOAT,461.65,463.75,-0.0045,0.0469,0.0455,0.8693
14-JUL-2015,ARROWTEX,28.35,28.40,-0.0018,0.0559,0.0542,1.0355
14-JUL-2015,ARSHIYA,38.85,39.45,-0.0153,0.0343,0.0335,0.6400
14-JUL-2015,ARSSINFRA,31.65,30.65,0.0321,0.0495,0.0486,0.9285
14-JUL-2015,ARVIND,286.65,279.35,0.0258,0.0272,0.0271,0.5177
14-JUL-2015,ARVINDREM,19.70,18.90,0.0415,0.0711,0.0697,1.3316
14-JUL-2015,ASAHIINDIA,150.80,145.60,0.0351,0.0244,0.0252,0.4814
14-JUL-2015,ASAHISONG,146.00,137.80,0.0578,0.0281,0.0307,0.5865
14-JUL-2015,ASAL,40.00,40.95,-0.0235,0.0326,0.0321,0.6133
14-JUL-2015,ASHAPURMIN,65.10,66.70,-0.0243,0.0326,0.0322,0.6152
14-JUL-2015,ASHIANA,236.15,229.05,0.0305,0.0226,0.0232,0.4432
14-JUL-2015,ASHIMASYN,13.00,12.50,0.0392,0.0486,0.0481,0.9189
14-JUL-2015,ASHOKA,184.95,180.15,0.0263,0.0204,0.0208,0.3974
14-JUL-2015,ASHOKLEY,74.25,72.75,0.0204,0.0179,0.0181,0.3458
14-JUL-2015,ASIANHOTNR,101.75,107.00,-0.0503,0.0240,0.0263,0.5025
14-JUL-2015,ASIANPAINT,822.70,817.65,0.0062,0.0195,0.0190,0.3630
14-JUL-2015,ASIANTILES,101.60,101.95,-0.0034,0.0291,0.0282,0.5388
14-JUL-2015,ASIL,1.45,1.45,0.0000,0.0134,0.0130,0.2484
14-JUL-2015,ASSAMCO,3.60,3.65,-0.0138,0.0390,0.0380,0.7260
14-JUL-2015,ASTEC,203.85,188.25,0.0796,0.0288,0.0341,0.6515
14-JUL-2015,ASTRAL,370.15,373.35,-0.0086,0.0152,0.0149,0.2847
14-JUL-2015,ASTRAMICRO,120.30,118.50,0.0151,0.0263,0.0258,0.4929
14-JUL-2015,ASTRAZEN,1169.70,1175.80,-0.0052,0.0359,0.0348,0.6649
14-JUL-2015,ATFL,620.95,616.65,0.0069,0.0128,0.0125,0.2388
14-JUL-2015,ATLANTA,54.00,53.15,0.0159,0.0365,0.0356,0.6801
14-JUL-2015,ATLASCYCLE,214.00,206.50,0.0357,0.0186,0.0200,0.3821
14-JUL-2015,ATNINTER,0.30,0.30,0.0000,0.0821,0.0796,1.5208
14-JUL-2015,ATUL,1213.45,1232.00,-0.0152,0.0155,0.0155,0.2961
14-JUL-2015,ATULAUTO,467.35,457.40,0.0215,0.0266,0.0263,0.5025
14-JUL-2015,AURIONPRO,198.15,186.15,0.0625,0.0306,0.0334,0.6381
14-JUL-2015,AUROPHARMA,1512.75,1494.10,0.0124,0.0196,0.0192,0.3668
14-JUL-2015,AUSOMENT,31.65,31.55,0.0032,0.0517,0.0501,0.9572
14-JUL-2015,AUSTRAL,0.50,0.55,-0.0953,0.0697,0.0715,1.3660
14-JUL-2015,AUTOAXLES,659.40,664.70,-0.0080,0.0170,0.0166,0.3171
14-JUL-2015,AUTOIND,56.15,57.35,-0.0211,0.0212,0.0212,0.4050
14-JUL-2015,AUTOLITIND,37.90,39.70,-0.0464,0.0341,0.0350,0.6687
14-JUL-2015,AVANTIFEED,2241.70,2236.55,0.0023,0.0356,0.0345,0.6591
14-JUL-2015,AVTNPL,39.60,39.00,0.0153,0.0400,0.0390,0.7451
14-JUL-2015,AXISBANK,583.90,581.95,0.0033,0.0146,0.0142,0.2713
14-JUL-2015,AXISCADES,261.15,258.25,0.0112,0.0433,0.0421,0.8043
14-JUL-2015,AXISGOLD,2420.80,2424.00,-0.0013,0.0059,0.0057,0.1089
14-JUL-2015,BAFNAPHARM,25.35,25.70,-0.0137,0.0334,0.0326,0.6228
14-JUL-2015,BAGFILMS,2.95,3.00,-0.0168,0.0388,0.0378,0.7222
14-JUL-2015,BAJAJ-AUTO,2498.70,2496.85,0.0007,0.0164,0.0159,0.3038
14-JUL-2015,BAJAJCORP,453.60,451.95,0.0036,0.0277,0.0269,0.5139
14-JUL-2015,BAJAJELEC,289.70,295.90,-0.0212,0.0235,0.0234,0.4471
14-JUL-2015,BAJAJFINSV,1738.45,1728.65,0.0057,0.0186,0.0181,0.3458
14-JUL-2015,BAJAJHIND,14.20,13.80,0.0286,0.0249,0.0251,0.4795
14-JUL-2015,BAJAJHLDNG,1420.75,1428.35,-0.0053,0.0141,0.0137,0.2617
14-JUL-2015,BAJFINANCE,5082.25,5095.35,-0.0026,0.0234,0.0227,0.4337
14-JUL-2015,BALAJITELE,80.40,75.90,0.0576,0.0221,0.0257,0.4910
14-JUL-2015,BALAMINES,111.05,112.90,-0.0165,0.0225,0.0222,0.4241
14-JUL-2015,BALKRISIND,679.45,682.00,-0.0037,0.0210,0.0204,0.3897
14-JUL-2015,BALLARPUR,14.70,15.70,-0.0658,0.0299,0.0332,0.6343
14-JUL-2015,BALMLAWRIE,578.15,575.15,0.0052,0.0131,0.0128,0.2445
14-JUL-2015,BALPHARMA,60.85,60.75,0.0016,0.0394,0.0382,0.7298
14-JUL-2015,BALRAMCHIN,44.10,44.40,-0.0068,0.0195,0.0190,0.3630
14-JUL-2015,BANARBEADS,34.90,35.00,-0.0029,0.0361,0.0350,0.6687
14-JUL-2015,BANARISUG,785.70,800.00,-0.0180,0.0258,0.0254,0.4853
14-JUL-2015,BANCOINDIA,106.35,102.90,0.0330,0.0284,0.0287,0.5483
14-JUL-2015,BANG,8.95,9.00,-0.0056,0.0297,0.0288,0.5502
14-JUL-2015,BANKBARODA,155.80,156.35,-0.0035,0.0207,0.0201,0.3840
14-JUL-2015,BANKBEES,1903.40,1907.91,-0.0024,0.0107,0.0104,0.1987
14-JUL-2015,BANKINDIA,181.60,183.05,-0.0080,0.0222,0.0216,0.4127
14-JUL-2015,BANSWRAS,76.60,76.05,0.0072,0.0401,0.0389,0.7432
14-JUL-2015,BARTRONICS,11.15,11.45,-0.0266,0.0493,0.0482,0.9209
14-JUL-2015,BASF,1157.40,1167.00,-0.0083,0.0178,0.0174,0.3324
14-JUL-2015,BASML,206.10,212.45,-0.0303,0.0284,0.0285,0.5445
14-JUL-2015,BATAINDIA,1173.35,1182.65,-0.0079,0.0178,0.0174,0.3324
14-JUL-2015,BAYERCROP,3961.90,3976.85,-0.0038,0.0139,0.0135,0.2579
14-JUL-2015,BBL,651.25,663.05,-0.0180,0.0319,0.0312,0.5961
14-JUL-2015,BBTC,519.10,523.00,-0.0075,0.0238,0.0231,0.4413
14-JUL-2015,BEARDSELL,46.00,46.55,-0.0119,0.0253,0.0247,0.4719
14-JUL-2015,BEDMUTHA,13.35,13.10,0.0189,0.0329,0.0322,0.6152
14-JUL-2015,BEL,3490.25,3449.90,0.0116,0.0171,0.0168,0.3210
14-JUL-2015,BEML,1347.35,1348.10,-0.0006,0.0228,0.0221,0.4222
14-JUL-2015,BEPL,19.00,18.95,0.0026,0.0583,0.0565,1.0794
14-JUL-2015,BERGEPAINT,211.00,211.75,-0.0035,0.0207,0.0201,0.3840
14-JUL-2015,BFINVEST,153.65,149.75,0.0257,0.0345,0.0340,0.6496
14-JUL-2015,BFUTILITIE,586.35,565.55,0.0361,0.0262,0.0269,0.5139
14-JUL-2015,BGLOBAL,4.25,4.45,-0.0460,0.0343,0.0351,0.6706
14-JUL-2015,BGRENERGY,124.05,124.50,-0.0036,0.0328,0.0318,0.6075
14-JUL-2015,BHAGYNAGAR,16.65,16.90,-0.0149,0.0278,0.0272,0.5197
14-JUL-2015,BHARATFORG,1100.80,1123.50,-0.0204,0.0247,0.0245,0.4681
14-JUL-2015,BHARATGEAR,73.60,75.10,-0.0202,0.0252,0.0249,0.4757
14-JUL-2015,BHARATRAS,1226.55,1208.20,0.0151,0.0378,0.0368,0.7031
14-JUL-2015,BHARTIARTL,422.30,423.70,-0.0033,0.0154,0.0150,0.2866
14-JUL-2015,BHEL,273.15,269.35,0.0140,0.0191,0.0188,0.3592
14-JUL-2015,BHUSANSTL,67.45,68.30,-0.0125,0.0620,0.0602,1.1501
14-JUL-2015,BIL,532.80,534.75,-0.0037,0.0264,0.0256,0.4891
14-JUL-2015,BILENERGY,0.90,0.90,0.0000,0.0950,0.0921,1.7596
14-JUL-2015,BILPOWER,1.10,1.10,0.0000,0.0264,0.0256,0.4891
14-JUL-2015,BINANIIND,96.45,99.65,-0.0326,0.0268,0.0272,0.5197
14-JUL-2015,BINDALAGRO,56.75,55.75,0.0178,0.0534,0.0520,0.9935
14-JUL-2015,BIOCON,473.60,470.80,0.0059,0.0136,0.0133,0.2541
14-JUL-2015,BIRLACORPN,442.80,439.60,0.0073,0.0172,0.0168,0.3210
14-JUL-2015,BIRLACOT,0.05,0.05,0.0000,0.4255,0.4125,7.8808
14-JUL-2015,BIRLAERIC,72.15,70.90,0.0175,0.0252,0.0248,0.4738
14-JUL-2015,BIRLAMONEY,25.35,26.05,-0.0272,0.0424,0.0416,0.7948
14-JUL-2015,BLBLIMITED,3.60,3.60,0.0000,0.0315,0.0305,0.5827
14-JUL-2015,BLISSGVS,172.90,157.20,0.0952,0.0512,0.0548,1.0470
14-JUL-2015,BLKASHYAP,12.75,12.30,0.0359,0.0540,0.0531,1.0145
14-JUL-2015,BLUEBLENDS,14.70,14.70,0.0000,0.1009,0.0978,1.8685
14-JUL-2015,BLUECHIP,0.20,0.15,0.2877,0.1070,0.1254,2.3958
14-JUL-2015,BLUECOAST,85.00,85.00,0.0000,0.0099,0.0096,0.1834
14-JUL-2015,BLUEDART,6268.05,6229.30,0.0062,0.0175,0.0170,0.3248
14-JUL-2015,BLUESTARCO,326.00,326.10,-0.0003,0.0151,0.0146,0.2789
14-JUL-2015,BLUESTINFO,222.25,215.05,0.0329,0.0318,0.0319,0.6094
14-JUL-2015,BODALCHEM,31.40,30.15,0.0406,0.0329,0.0334,0.6381
14-JUL-2015,BOMDYEING,75.95,77.25,-0.0170,0.0306,0.0300,0.5731
14-JUL-2015,BOSCHLTD,23544.20,23497.25,0.0020,0.0183,0.0177,0.3382
14-JUL-2015,BPCL,926.95,909.30,0.0192,0.0213,0.0212,0.4050
14-JUL-2015,BPL,33.50,32.60,0.0272,0.0488,0.0478,0.9132
14-JUL-2015,BRFL,138.15,138.45,-0.0022,0.0272,0.0264,0.5044
14-JUL-2015,BRIGADE,146.60,146.60,0.0000,0.0241,0.0234,0.4471
14-JUL-2015,BRITANNIA,2831.30,2845.60,-0.0050,0.0180,0.0175,0.3343
14-JUL-2015,BROADCAST,3.65,3.65,0.0000,0.0291,0.0282,0.5388
14-JUL-2015,BROOKS,68.30,59.70,0.1346,0.0468,0.0561,1.0718
14-JUL-2015,BSELINFRA,1.95,2.05,-0.0500,0.0352,0.0363,0.6935
14-JUL-2015,BSL,46.15,45.15,0.0219,0.0369,0.0362,0.6916
14-JUL-2015,BSLGOLDETF,2464.00,2510.00,-0.0185,0.0134,0.0138,0.2636
14-JUL-2015,BSLIMITED,33.70,34.05,-0.0103,0.0411,0.0399,0.7623
14-JUL-2015,BSLNIFTY,100.00,100.00,0.0000,0.0302,0.0293,0.5598
14-JUL-2015,BURNPUR,8.75,8.75,0.0000,0.0276,0.0268,0.5120
14-JUL-2015,BUTTERFLY,152.60,155.90,-0.0214,0.0309,0.0304,0.5808
14-JUL-2015,BVCL,16.85,16.75,0.0060,0.0398,0.0386,0.7375
14-JUL-2015,BYKE,168.95,172.70,-0.0220,0.0150,0.0155,0.2961
14-JUL-2015,CADILAHC,1913.45,1928.85,-0.0080,0.0169,0.0165,0.3152
14-JUL-2015,CAIRN,170.35,172.20,-0.0108,0.0224,0.0219,0.4184
14-JUL-2015,CALSOFT,5.70,5.70,0.0000,0.0101,0.0098,0.1872
14-JUL-2015,CAMLINFINE,107.55,109.35,-0.0166,0.0451,0.0439,0.8387
14-JUL-2015,CANBK,299.25,297.80,0.0049,0.0190,0.0185,0.3534
14-JUL-2015,CANDC,17.15,17.20,-0.0029,0.0347,0.0337,0.6438
14-JUL-2015,CANFINHOME,765.00,768.40,-0.0044,0.0210,0.0204,0.3897
14-JUL-2015,CANTABIL,64.50,62.10,0.0379,0.0283,0.0290,0.5540
14-JUL-2015,CAPF,406.95,408.40,-0.0036,0.0219,0.0213,0.4069
14-JUL-2015,CAPLIPOINT,1325.40,1294.30,0.0237,0.0532,0.0519,0.9915
14-JUL-2015,CARBORUNIV,167.65,164.05,0.0217,0.0174,0.0177,0.3382
14-JUL-2015,CAREERP,161.10,163.40,-0.0142,0.0158,0.0157,0.2999
14-JUL-2015,CARERATING,1457.30,1452.10,0.0036,0.0140,0.0136,0.2598
14-JUL-2015,CASTEXTECH,344.55,362.65,-0.0512,0.0392,0.0400,0.7642
14-JUL-2015,CASTROLIND,468.10,463.15,0.0106,0.0159,0.0156,0.2980
14-JUL-2015,CCCL,3.80,3.85,-0.0131,0.0302,0.0295,0.5636
14-JUL-2015,CCHHL,12.00,12.20,-0.0165,0.0309,0.0302,0.5770
14-JUL-2015,CCL,195.75,189.85,0.0306,0.0203,0.0211,0.4031
14-JUL-2015,CEATLTD,716.95,705.20,0.0165,0.0266,0.0261,0.4986
14-JUL-2015,CEBBCO,18.70,18.20,0.0271,0.0299,0.0297,0.5674
14-JUL-2015,CELEBRITY,14.35,13.85,0.0355,0.0278,0.0283,0.5407
14-JUL-2015,CELESTIAL,20.30,19.35,0.0479,0.0527,0.0524,1.0011
14-JUL-2015,CENTENKA,167.05,158.35,0.0535,0.0179,0.0217,0.4146
14-JUL-2015,CENTEXT,1.20,1.25,-0.0408,0.0515,0.0509,0.9724
14-JUL-2015,CENTRALBK,109.05,110.65,-0.0146,0.0191,0.0189,0.3611
14-JUL-2015,CENTUM,734.10,732.65,0.0020,0.0220,0.0213,0.4069
14-JUL-2015,CENTURYPLY,190.35,198.90,-0.0439,0.0291,0.0302,0.5770
14-JUL-2015,CENTURYTEX,718.60,721.70,-0.0043,0.0249,0.0242,0.4623
14-JUL-2015,CERA,1877.25,1813.05,0.0348,0.0266,0.0272,0.5197
14-JUL-2015,CEREBRAINT,13.45,13.60,-0.0111,0.0449,0.0436,0.8330
14-JUL-2015,CESC,570.60,556.75,0.0246,0.0148,0.0156,0.2980
14-JUL-2015,CGCL,141.15,144.00,-0.0200,0.0360,0.0352,0.6725
14-JUL-2015,CHAMBLFERT,58.70,58.60,0.0017,0.0127,0.0123,0.2350
14-JUL-2015,CHEMFALKAL,81.85,79.50,0.0291,0.0267,0.0269,0.5139
14-JUL-2015,CHENNPETRO,178.15,181.00,-0.0159,0.0473,0.0460,0.8788
14-JUL-2015,CHOLAFIN,708.05,701.80,0.0089,0.0251,0.0244,0.4662
14-JUL-2015,CHROMATIC,3.55,3.75,-0.0548,0.0454,0.0460,0.8788
14-JUL-2015,CIGNITITEC,411.05,406.40,0.0114,0.0268,0.0261,0.4986
14-JUL-2015,CIMMCO,95.05,97.85,-0.0290,0.0343,0.0340,0.6496
14-JUL-2015,CINELINE,13.50,13.50,0.0000,0.0297,0.0288,0.5502
14-JUL-2015,CINEVISTA,3.35,3.20,0.0458,0.0539,0.0534,1.0202
14-JUL-2015,CIPLA,665.95,661.25,0.0071,0.0179,0.0174,0.3324
14-JUL-2015,CLASSIC,1.15,1.20,-0.0426,0.0289,0.0299,0.5712
14-JUL-2015,CLNINDIA,864.65,869.00,-0.0050,0.0102,0.0100,0.1910
14-JUL-2015,CLUTCHAUTO,9.95,9.55,0.0410,0.0351,0.0355,0.6782
14-JUL-2015,CMAHENDRA,3.45,3.60,-0.0426,0.0641,0.0630,1.2036
14-JUL-2015,CMC,1935.25,1943.55,-0.0043,0.0126,0.0123,0.2350
14-JUL-2015,CNOVAPETRO,26.55,26.50,0.0019,0.0233,0.0226,0.4318
14-JUL-2015,COALINDIA,434.15,419.95,0.0333,0.0154,0.0170,0.3248
14-JUL-2015,COLPAL,2006.15,2007.80,-0.0008,0.0117,0.0113,0.2159
14-JUL-2015,COMPUSOFT,9.15,9.25,-0.0109,0.0270,0.0263,0.5025
14-JUL-2015,CONCOR,1761.15,1724.35,0.0211,0.0200,0.0201,0.3840
14-JUL-2015,CONSOFINVT,41.00,41.00,0.0000,0.0421,0.0408,0.7795
14-JUL-2015,CORDSCABLE,36.00,30.00,0.1823,0.0599,0.0733,1.4004
14-JUL-2015,COREEDUTEC,6.60,6.45,0.0230,0.0348,0.0342,0.6534
14-JUL-2015,COROMANDEL,244.55,244.50,0.0002,0.0173,0.0168,0.3210
14-JUL-2015,CORPBANK,51.60,51.80,-0.0039,0.0119,0.0116,0.2216
14-JUL-2015,COSMOFILMS,127.55,131.20,-0.0282,0.0239,0.0242,0.4623
14-JUL-2015,COUNCODOS,4.60,4.40,0.0445,0.0492,0.0489,0.9342
14-JUL-2015,COX&KINGS,282.85,277.85,0.0178,0.0264,0.0260,0.4967
14-JUL-2015,CPSEETF,25.15,24.84,0.0124,0.0090,0.0092,0.1758
14-JUL-2015,CREATIVEYE,3.00,3.15,-0.0488,0.0439,0.0442,0.8444
14-JUL-2015,CREST,43.70,43.70,0.0000,0.0447,0.0433,0.8272
14-JUL-2015,CRISIL,1972.35,1954.75,0.0090,0.0141,0.0138,0.2636
14-JUL-2015,CRMFGETF,2499.00,2499.00,0.0000,0.0059,0.0057,0.1089
14-JUL-2015,CROMPGREAV,190.50,190.45,0.0003,0.0212,0.0206,0.3936
14-JUL-2015,CTE,44.25,42.15,0.0486,0.0442,0.0445,0.8502
14-JUL-2015,CUB,102.15,102.05,0.0010,0.0114,0.0111,0.2121
14-JUL-2015,CUBEXTUB,13.65,13.65,0.0000,0.0339,0.0329,0.6286
14-JUL-2015,CUMMINSIND,962.70,964.85,-0.0022,0.0171,0.0166,0.3171
14-JUL-2015,CURATECH,9.55,8.70,0.0932,0.0764,0.0775,1.4806
14-JUL-2015,CYBERMEDIA,10.35,10.35,0.0000,0.0075,0.0073,0.1395
14-JUL-2015,CYBERTECH,48.70,40.60,0.1819,0.0558,0.0701,1.3393
14-JUL-2015,CYIENT,562.30,564.15,-0.0033,0.0178,0.0173,0.3305
14-JUL-2015,DAAWAT,172.95,172.90,0.0003,0.0287,0.0278,0.5311
14-JUL-2015,DABUR,296.15,286.45,0.0333,0.0135,0.0154,0.2942
14-JUL-2015,DALMIABHA,601.25,588.70,0.0211,0.0248,0.0246,0.4700
14-JUL-2015,DALMIASUG,21.40,21.15,0.0118,0.0337,0.0328,0.6266
14-JUL-2015,DATAMATICS,65.00,64.95,0.0008,0.0387,0.0375,0.7164
14-JUL-2015,DBCORP,326.90,328.55,-0.0050,0.0103,0.0101,0.1930
14-JUL-2015,DBREALTY,62.70,63.55,-0.0135,0.0274,0.0268,0.5120
14-JUL-2015,DBSTOCKBRO,26.75,27.05,-0.0112,0.0148,0.0146,0.2789
14-JUL-2015,DCBBANK,141.10,147.05,-0.0413,0.0224,0.0240,0.4585
14-JUL-2015,DCM,105.00,104.80,0.0019,0.0251,0.0243,0.4643
14-JUL-2015,DCMSHRIRAM,119.35,116.80,0.0216,0.0243,0.0241,0.4604
14-JUL-2015,DCW,21.50,19.40,0.1028,0.0319,0.0399,0.7623
14-JUL-2015,DECCANCE,403.00,398.60,0.0110,0.0259,0.0253,0.4834
14-JUL-2015,DECOLIGHT,1.30,1.30,0.0000,0.0138,0.0134,0.2560
14-JUL-2015,DEEPAKFERT,142.05,142.20,-0.0011,0.0256,0.0248,0.4738
14-JUL-2015,DEEPAKNTR,72.25,71.20,0.0146,0.0218,0.0214,0.4088
14-JUL-2015,DEEPIND,91.10,86.90,0.0472,0.0423,0.0426,0.8139
14-JUL-2015,DELTACORP,79.95,78.60,0.0170,0.0245,0.0241,0.4604
14-JUL-2015,DELTAMAGNT,31.50,32.95,-0.0450,0.0450,0.0450,0.8597
14-JUL-2015,DEN,147.45,144.25,0.0219,0.0196,0.0197,0.3764
14-JUL-2015,DENABANK,44.50,44.40,0.0022,0.0103,0.0100,0.1910
14-JUL-2015,DENORA,173.75,177.75,-0.0228,0.0340,0.0334,0.6381
14-JUL-2015,DHAMPURSUG,31.55,32.05,-0.0157,0.0226,0.0222,0.4241
14-JUL-2015,DHANBANK,33.00,33.45,-0.0135,0.0335,0.0326,0.6228
14-JUL-2015,DHANUKA,608.90,626.00,-0.0277,0.0202,0.0207,0.3955
14-JUL-2015,DHARSUGAR,14.25,13.40,0.0615,0.0308,0.0334,0.6381
14-JUL-2015,DHFL,456.05,454.90,0.0025,0.0222,0.0215,0.4108
14-JUL-2015,DHUNINV,131.65,130.00,0.0126,0.0345,0.0336,0.6419
14-JUL-2015,DIAPOWER,44.00,44.30,-0.0068,0.0380,0.0369,0.7050
14-JUL-2015,DICIND,494.35,495.65,-0.0026,0.0201,0.0195,0.3725
14-JUL-2015,DIGJAM,7.30,7.20,0.0138,0.0311,0.0303,0.5789
14-JUL-2015,DISHMAN,167.90,171.00,-0.0183,0.0283,0.0278,0.5311
14-JUL-2015,DISHTV,110.90,109.40,0.0136,0.0269,0.0263,0.5025
14-JUL-2015,DIVISLAB,1888.75,1881.95,0.0036,0.0121,0.0118,0.2254
14-JUL-2015,DLF,114.40,115.40,-0.0087,0.0210,0.0205,0.3917
14-JUL-2015,DLINKINDIA,231.40,237.45,-0.0258,0.0432,0.0424,0.8101
14-JUL-2015,DOLPHINOFF,128.55,124.25,0.0340,0.0471,0.0464,0.8865
14-JUL-2015,DONEAR,16.05,15.95,0.0063,0.0480,0.0466,0.8903
14-JUL-2015,DPL,82.40,81.35,0.0128,0.0401,0.0390,0.7451
14-JUL-2015,DPSCLTD,13.60,13.75,-0.0110,0.0298,0.0290,0.5540
14-JUL-2015,DQE,21.10,21.05,0.0024,0.0373,0.0362,0.6916
14-JUL-2015,DREDGECORP,403.10,393.35,0.0245,0.0267,0.0266,0.5082
14-JUL-2015,DRREDDY,3772.95,3758.15,0.0039,0.0125,0.0122,0.2331
14-JUL-2015,DSKULKARNI,74.15,72.85,0.0177,0.0237,0.0234,0.4471
14-JUL-2015,DSSL,7.10,7.45,-0.0481,0.0383,0.0390,0.7451
14-JUL-2015,DTIL,230.25,231.60,-0.0058,0.0227,0.0221,0.4222
14-JUL-2015,DUNCANSLTD,15.25,14.55,0.0470,0.0297,0.0310,0.5923
14-JUL-2015,DWARKESH,22.95,22.95,0.0000,0.0297,0.0288,0.5502
14-JUL-2015,DYNAMATECH,3136.65,3021.60,0.0374,0.0251,0.0260,0.4967
14-JUL-2015,DYNATECH,4.70,4.80,-0.0211,0.0480,0.0468,0.8941
14-JUL-2015,EASTSILK,2.10,2.10,0.0000,0.0649,0.0629,1.2017
14-JUL-2015,EASUNREYRL,46.40,44.55,0.0407,0.0451,0.0448,0.8559
14-JUL-2015,ECEIND,133.80,134.65,-0.0063,0.0243,0.0236,0.4509
14-JUL-2015,ECLERX,1482.50,1460.10,0.0152,0.0159,0.0159,0.3038
14-JUL-2015,EDELWEISS,65.00,63.90,0.0171,0.0241,0.0237,0.4528
14-JUL-2015,EDL,41.85,39.65,0.0540,0.0606,0.0602,1.1501
14-JUL-2015,EDUCOMP,11.85,11.20,0.0564,0.0347,0.0364,0.6954
14-JUL-2015,EICHERMOT,20773.90,21160.15,-0.0184,0.0227,0.0225,0.4299
14-JUL-2015,EIDPARRY,149.45,146.55,0.0196,0.0169,0.0171,0.3267
14-JUL-2015,EIHAHOTELS,202.25,200.00,0.0112,0.0190,0.0186,0.3554
14-JUL-2015,EIHOTEL,100.40,98.60,0.0181,0.0125,0.0129,0.2465
14-JUL-2015,EIMCOELECO,659.80,659.80,0.0000,0.0342,0.0332,0.6343
14-JUL-2015,EKC,10.70,10.05,0.0627,0.0374,0.0394,0.7527
14-JUL-2015,ELAND,31.05,29.60,0.0478,0.0490,0.0489,0.9342
14-JUL-2015,ELDERPHARM,113.00,102.75,0.0951,0.0717,0.0733,1.4004
14-JUL-2015,ELECON,88.05,90.50,-0.0274,0.0404,0.0397,0.7585
14-JUL-2015,ELECTCAST,19.90,19.90,0.0000,0.0290,0.0281,0.5368
14-JUL-2015,ELECTHERM,23.70,23.65,0.0021,0.0431,0.0418,0.7986
14-JUL-2015,ELGIEQUIP,128.85,130.50,-0.0127,0.0158,0.0156,0.2980
14-JUL-2015,ELGIRUBCO,26.80,26.75,0.0019,0.0325,0.0315,0.6018
14-JUL-2015,EMAMIINFRA,34.90,34.30,0.0173,0.0214,0.0212,0.4050
14-JUL-2015,EMAMILTD,1151.75,1126.80,0.0219,0.0291,0.0287,0.5483
14-JUL-2015,EMCO,31.40,29.60,0.0590,0.0257,0.0288,0.5502
14-JUL-2015,EMKAY,58.90,59.00,-0.0017,0.0259,0.0251,0.4795
14-JUL-2015,EMMBI,29.20,29.55,-0.0119,0.0563,0.0547,1.0450
14-JUL-2015,ENERGYDEV,15.40,15.70,-0.0193,0.0402,0.0393,0.7508
14-JUL-2015,ENGINERSIN,236.05,233.35,0.0115,0.0219,0.0214,0.4088
14-JUL-2015,ENIL,698.65,690.00,0.0125,0.0215,0.0211,0.4031
14-JUL-2015,ENTEGRA,3.75,3.60,0.0408,0.0392,0.0393,0.7508
14-JUL-2015,EON,42.80,40.95,0.0442,0.0504,0.0500,0.9552
14-JUL-2015,ERAINFRA,4.00,3.75,0.0645,0.0227,0.0271,0.5177
14-JUL-2015,EROSMEDIA,585.20,517.90,0.1222,0.0396,0.0487,0.9304
14-JUL-2015,ESABINDIA,668.05,674.75,-0.0100,0.0230,0.0224,0.4280
14-JUL-2015,ESCORTS,134.05,133.65,0.0030,0.0308,0.0299,0.5712
14-JUL-2015,ESL,3.80,3.90,-0.0260,0.0273,0.0272,0.5197
14-JUL-2015,ESSAROIL,192.75,196.85,-0.0210,0.0569,0.0554,1.0584
14-JUL-2015,ESSARPORTS,109.20,111.20,-0.0181,0.0307,0.0301,0.5751
14-JUL-2015,ESSARSHPNG,20.50,20.20,0.0147,0.0195,0.0192,0.3668
14-JUL-2015,ESSDEE,302.10,302.20,-0.0003,0.0319,0.0309,0.5903
14-JUL-2015,ESSELPACK,147.15,141.20,0.0413,0.0179,0.0201,0.3840
14-JUL-2015,ESTER,28.90,28.65,0.0087,0.0330,0.0321,0.6133
14-JUL-2015,EUROCERA,7.15,7.50,-0.0478,0.0464,0.0465,0.8884
14-JUL-2015,EUROMULTI,1.45,1.45,0.0000,0.0184,0.0178,0.3401
14-JUL-2015,EUROTEXIND,30.10,29.70,0.0134,0.0587,0.0570,1.0890
14-JUL-2015,EVEREADY,366.80,365.25,0.0042,0.0256,0.0248,0.4738
14-JUL-2015,EVERESTIND,413.75,416.35,-0.0063,0.0425,0.0412,0.7871
14-JUL-2015,EVERONN,25.10,24.05,0.0427,0.0350,0.0355,0.6782
14-JUL-2015,EXCEL,20.50,21.40,-0.0430,0.0587,0.0579,1.1062
14-JUL-2015,EXCELCROP,958.85,959.55,-0.0007,0.0272,0.0264,0.5044
14-JUL-2015,EXCELINDUS,300.95,282.25,0.0642,0.0259,0.0296,0.5655
14-JUL-2015,EXIDEIND,152.05,154.25,-0.0144,0.0151,0.0151,0.2885
14-JUL-2015,FACT,22.30,22.15,0.0067,0.0222,0.0216,0.4127
14-JUL-2015,FAGBEARING,4279.90,4268.95,0.0026,0.0122,0.0118,0.2254
14-JUL-2015,FARMAXIND,0.30,0.30,0.0000,0.0884,0.0857,1.6373
14-JUL-2015,FCEL,16.20,16.30,-0.0062,0.0395,0.0383,0.7317
14-JUL-2015,FCL,37.60,39.30,-0.0442,0.0460,0.0459,0.8769
14-JUL-2015,FCSSOFT,0.30,0.30,0.0000,0.0882,0.0855,1.6335
14-JUL-2015,FDC,159.05,158.60,0.0028,0.0140,0.0136,0.2598
14-JUL-2015,FEDDERLOYD,83.85,85.00,-0.0136,0.0332,0.0324,0.6190
14-JUL-2015,FEDERALBNK,77.95,78.40,-0.0058,0.0192,0.0187,0.3573
14-JUL-2015,FIEMIND,592.25,602.10,-0.0165,0.0240,0.0236,0.4509
14-JUL-2015,FILATEX,36.00,32.75,0.0946,0.0391,0.0444,0.8483
14-JUL-2015,FINANTECH,154.00,155.90,-0.0123,0.0285,0.0278,0.5311
14-JUL-2015,FINCABLES,259.30,261.25,-0.0075,0.0165,0.0161,0.3076
14-JUL-2015,FINPIPE,270.55,270.55,0.0000,0.0225,0.0218,0.4165
14-JUL-2015,FIRSTWIN,3.40,3.45,-0.0146,0.0313,0.0306,0.5846
14-JUL-2015,FLEXITUFF,244.40,253.30,-0.0358,0.0202,0.0215,0.4108
14-JUL-2015,FLFL,85.45,79.40,0.0734,0.0308,0.0349,0.6668
14-JUL-2015,FMGOETZE,388.15,393.05,-0.0125,0.0329,0.0320,0.6114
14-JUL-2015,FMNL,14.25,14.95,-0.0480,0.0388,0.0394,0.7527
14-JUL-2015,FORTIS,186.40,181.00,0.0294,0.0253,0.0256,0.4891
14-JUL-2015,FOSECOIND,1190.00,1199.15,-0.0077,0.0180,0.0176,0.3362
14-JUL-2015,FRL,106.60,106.70,-0.0009,0.0274,0.0266,0.5082
14-JUL-2015,FRLDVR,88.05,86.25,0.0207,0.0224,0.0223,0.4260
14-JUL-2015,FSL,34.15,33.70,0.0133,0.0236,0.0231,0.4413
14-JUL-2015,GABRIEL,78.35,78.25,0.0013,0.0202,0.0196,0.3745
14-JUL-2015,GAEL,35.40,36.35,-0.0265,0.0218,0.0221,0.4222
14-JUL-2015,GAIL,373.10,372.75,0.0009,0.0174,0.0169,0.3229
14-JUL-2015,GAL,52.10,53.85,-0.0330,0.0233,0.0240,0.4585
14-JUL-2015,GALLANTT,23.50,23.60,-0.0042,0.0239,0.0232,0.4432
14-JUL-2015,GALLISPAT,407.30,407.45,-0.0004,0.0032,0.0031,0.0592
14-JUL-2015,GAMMNINFRA,12.20,12.40,-0.0163,0.0475,0.0462,0.8826
14-JUL-2015,GAMMONIND,19.50,19.45,0.0026,0.0330,0.0320,0.6114
14-JUL-2015,GANDHITUBE,247.60,248.00,-0.0016,0.0192,0.0186,0.3554
14-JUL-2015,GANECOS,147.75,147.35,0.0027,0.0238,0.0231,0.4413
14-JUL-2015,GANESHHOUC,114.10,114.50,-0.0035,0.0391,0.0379,0.7241
14-JUL-2015,GANGOTRI,1.05,1.05,0.0000,0.0224,0.0217,0.4146
14-JUL-2015,GARDENSILK,34.75,30.20,0.1403,0.0341,0.0477,0.9113
14-JUL-2015,GARWALLROP,246.45,234.10,0.0514,0.0320,0.0335,0.6400
14-JUL-2015,GATI,186.15,182.15,0.0217,0.0301,0.0297,0.5674
14-JUL-2015,GAYAPROJ,375.20,371.30,0.0104,0.0465,0.0452,0.8635
14-JUL-2015,GDL,328.70,334.95,-0.0188,0.0219,0.0217,0.4146
14-JUL-2015,GEECEE,79.50,78.40,0.0139,0.0518,0.0503,0.9610
14-JUL-2015,GEINDSYS,11.60,11.90,-0.0255,0.0372,0.0366,0.6992
14-JUL-2015,GEMINI,1.50,1.50,0.0000,0.0392,0.0380,0.7260
14-JUL-2015,GENESYS,54.80,54.50,0.0055,0.0268,0.0260,0.4967
14-JUL-2015,GENUSPAPER,5.50,5.25,0.0465,0.0694,0.0682,1.3030
14-JUL-2015,GENUSPOWER,25.75,25.65,0.0039,0.0275,0.0267,0.5101
14-JUL-2015,GEOJITBNPP,53.05,52.45,0.0114,0.0159,0.0157,0.2999
14-JUL-2015,GEOMETRIC,116.40,113.00,0.0296,0.0292,0.0292,0.5579
14-JUL-2015,GESHIP,347.35,348.45,-0.0032,0.0116,0.0113,0.2159
14-JUL-2015,GHCL,86.75,85.75,0.0116,0.0281,0.0274,0.5235
14-JUL-2015,GICHSGFIN,223.15,220.00,0.0142,0.0167,0.0166,0.3171
14-JUL-2015,GILLANDERS,58.00,57.35,0.0113,0.0374,0.0364,0.6954
14-JUL-2015,GILLETTE,4682.55,4672.10,0.0022,0.0109,0.0106,0.2025
14-JUL-2015,GINNIFILA,32.80,29.90,0.0926,0.0687,0.0704,1.3450
14-JUL-2015,GIPCL,81.65,81.70,-0.0006,0.0114,0.0111,0.2121
14-JUL-2015,GISOLUTION,2.60,2.60,0.0000,0.0176,0.0171,0.3267
14-JUL-2015,GITANJALI,40.05,40.00,0.0012,0.0182,0.0176,0.3362
14-JUL-2015,GKWLIMITED,481.00,482.55,-0.0032,0.0329,0.0319,0.6094
14-JUL-2015,GLAXO,3417.15,3410.25,0.0020,0.0095,0.0092,0.1758
14-JUL-2015,GLENMARK,1053.85,1039.25,0.0140,0.0157,0.0156,0.2980
14-JUL-2015,GLFL,1.80,1.85,-0.0274,0.0106,0.0123,0.2350
14-JUL-2015,GLOBALVECT,97.85,93.20,0.0487,0.0452,0.0454,0.8674
14-JUL-2015,GLOBOFFS,612.90,628.55,-0.0252,0.0368,0.0362,0.6916
14-JUL-2015,GLOBUSSPR,60.45,59.10,0.0226,0.0416,0.0407,0.7776
14-JUL-2015,GLORY,0.50,0.50,0.0000,0.0016,0.0016,0.0306
14-JUL-2015,GMBREW,156.80,140.80,0.1076,0.0328,0.0413,0.7890
14-JUL-2015,GMDCLTD,93.10,93.60,-0.0054,0.0132,0.0129,0.2465
14-JUL-2015,GMRINFRA,14.85,14.75,0.0068,0.0303,0.0294,0.5617
14-JUL-2015,GNFC,61.75,61.45,0.0049,0.0165,0.0160,0.3057
14-JUL-2015,GOACARBON,77.00,76.80,0.0026,0.0274,0.0266,0.5082
14-JUL-2015,GODFRYPHLP,544.30,537.00,0.0135,0.0233,0.0228,0.4356
14-JUL-2015,GODREJCP,1203.55,1180.50,0.0193,0.0208,0.0207,0.3955
14-JUL-2015,GODREJIND,381.60,377.25,0.0115,0.0190,0.0186,0.3554
14-JUL-2015,GODREJPROP,253.70,254.05,-0.0014,0.0147,0.0143,0.2732
14-JUL-2015,GOENKA,1.20,1.25,-0.0408,0.0316,0.0322,0.6152
14-JUL-2015,GOKEX,72.65,75.90,-0.0438,0.0606,0.0597,1.1406
14-JUL-2015,GOKUL,29.10,27.75,0.0475,0.0661,0.0651,1.2437
14-JUL-2015,GOLDBEES,2377.95,2383.00,-0.0021,0.0049,0.0048,0.0917
14-JUL-2015,GOLDENTOBC,40.35,40.90,-0.0135,0.0301,0.0294,0.5617
14-JUL-2015,GOLDIAM,31.95,29.30,0.0866,0.0291,0.0353,0.6744
14-JUL-2015,GOLDINFRA,15.65,17.20,-0.0944,0.0237,0.0326,0.6228
14-JUL-2015,GOLDSHARE,2376.70,2380.15,-0.0015,0.0056,0.0054,0.1032
14-JUL-2015,GOLDTECH,5.85,5.95,-0.0169,0.0641,0.0623,1.1902
14-JUL-2015,GOODLUCK,109.00,110.50,-0.0137,0.0419,0.0408,0.7795
14-JUL-2015,GPIL,80.90,80.90,0.0000,0.0202,0.0196,0.3745
14-JUL-2015,GPPL,215.20,213.40,0.0084,0.0190,0.0185,0.3534
14-JUL-2015,GRANULES,89.90,85.10,0.0549,0.0234,0.0264,0.5044
14-JUL-2015,GRAPHITE,82.35,81.90,0.0055,0.0144,0.0140,0.2675
14-JUL-2015,GRASIM,3625.30,3632.10,-0.0019,0.0133,0.0129,0.2465
14-JUL-2015,GRAVITA,32.15,32.00,0.0047,0.0321,0.0311,0.5942
14-JUL-2015,GREAVESCOT,128.40,128.80,-0.0031,0.0191,0.0185,0.3534
14-JUL-2015,GREENFIRE,1.40,1.35,0.0364,0.0529,0.0521,0.9954
14-JUL-2015,GREENLAM,353.10,350.90,0.0063,0.0317,0.0308,0.5884
14-JUL-2015,GREENPLY,957.10,852.40,0.1159,0.0231,0.0362,0.6916
14-JUL-2015,GREENPOWER,13.80,13.95,-0.0108,0.0218,0.0213,0.4069
14-JUL-2015,GRINDWELL,744.45,735.00,0.0128,0.0203,0.0199,0.3802
14-JUL-2015,GRPLTD,1050.00,1035.10,0.0143,0.0259,0.0254,0.4853
14-JUL-2015,GRUH,246.40,249.30,-0.0117,0.0216,0.0211,0.4031
14-JUL-2015,GSCLCEMENT,27.70,26.10,0.0595,0.0450,0.0460,0.8788
14-JUL-2015,GSFC,74.30,76.20,-0.0253,0.0209,0.0212,0.4050
14-JUL-2015,GSKCONS,6252.25,6221.55,0.0049,0.0144,0.0140,0.2675
14-JUL-2015,GSPL,124.95,125.75,-0.0064,0.0175,0.0170,0.3248
14-JUL-2015,GSS,20.35,20.65,-0.0146,0.0366,0.0357,0.6820
14-JUL-2015,GTL,13.05,13.40,-0.0265,0.0387,0.0381,0.7279
14-JUL-2015,GTLINFRA,2.30,2.30,0.0000,0.0436,0.0423,0.8081
14-JUL-2015,GTNIND,12.00,11.60,0.0339,0.0412,0.0408,0.7795
14-JUL-2015,GTNTEX,10.70,10.25,0.0430,0.0350,0.0355,0.6782
14-JUL-2015,GTOFFSHORE,62.35,54.95,0.1263,0.0307,0.0429,0.8196
14-JUL-2015,GUFICBIO,15.80,15.35,0.0289,0.0310,0.0309,0.5903
14-JUL-2015,GUJALKALI,167.15,164.70,0.0148,0.0102,0.0105,0.2006
14-JUL-2015,GUJAPOLLO,146.50,148.40,-0.0129,0.0326,0.0318,0.6075
14-JUL-2015,GUJFLUORO,716.05,713.35,0.0038,0.0249,0.0242,0.4623
14-JUL-2015,GUJNRECOKE,3.95,4.00,-0.0126,0.0297,0.0290,0.5540
14-JUL-2015,GUJNREDVR,2.60,2.70,-0.0377,0.0358,0.0359,0.6859
14-JUL-2015,GULFCORP,154.65,156.40,-0.0113,0.0300,0.0292,0.5579
14-JUL-2015,GULFOILLUB,485.75,475.85,0.0206,0.0292,0.0288,0.5502
14-JUL-2015,GULFPETRO,36.00,36.20,-0.0055,0.0292,0.0283,0.5407
14-JUL-2015,GULPOLY,313.90,300.30,0.0443,0.0229,0.0247,0.4719
14-JUL-2015,GVKPIL,9.05,9.05,0.0000,0.0284,0.0275,0.5254
14-JUL-2015,HANUNG,9.80,9.50,0.0311,0.0521,0.0511,0.9763
14-JUL-2015,HARITASEAT,182.45,183.95,-0.0082,0.0336,0.0326,0.6228
14-JUL-2015,HARRMALAYA,47.50,47.00,0.0106,0.0463,0.0450,0.8597
14-JUL-2015,HATHWAY,48.85,49.15,-0.0061,0.0229,0.0223,0.4260
14-JUL-2015,HATSUN,409.55,383.35,0.0661,0.0237,0.0281,0.5368
14-JUL-2015,HAVELLS,299.15,297.60,0.0052,0.0150,0.0146,0.2789
14-JUL-2015,HBLPOWER,53.20,50.45,0.0531,0.0314,0.0331,0.6324
14-JUL-2015,HBSTOCK,7.90,7.90,0.0000,0.0361,0.0350,0.6687
14-JUL-2015,HCC,23.65,23.45,0.0085,0.0335,0.0325,0.6209
14-JUL-2015,HCIL,18.25,17.55,0.0391,0.0257,0.0267,0.5101
14-JUL-2015,HCL-INSYS,38.55,37.55,0.0263,0.0337,0.0333,0.6362
14-JUL-2015,HCLTECH,954.95,960.85,-0.0062,0.0199,0.0194,0.3706
14-JUL-2015,HDFC,1318.40,1323.75,-0.0040,0.0177,0.0172,0.3286
14-JUL-2015,HDFCBANK,1091.85,1096.15,-0.0039,0.0107,0.0104,0.1987
14-JUL-2015,HDFCMFGETF,2452.55,2458.60,-0.0025,0.0039,0.0038,0.0726
14-JUL-2015,HDIL,89.85,91.10,-0.0138,0.0300,0.0293,0.5598
14-JUL-2015,HEG,200.30,200.70,-0.0020,0.0191,0.0185,0.3534
14-JUL-2015,HEIDELBERG,73.10,70.60,0.0348,0.0234,0.0242,0.4623
14-JUL-2015,HELIOSMATH,27.80,28.10,-0.0107,0.0416,0.0404,0.7718
14-JUL-2015,HERCULES,167.00,164.65,0.0142,0.0194,0.0191,0.3649
14-JUL-2015,HERITGFOOD,414.35,402.35,0.0294,0.0251,0.0254,0.4853
14-JUL-2015,HEROMOTOCO,2638.70,2600.20,0.0147,0.0136,0.0137,0.2617
14-JUL-2015,HESTERBIO,811.30,822.75,-0.0140,0.0474,0.0461,0.8807
14-JUL-2015,HEXATRADEX,20.55,21.00,-0.0217,0.0393,0.0385,0.7355
14-JUL-2015,HEXAWARE,264.00,264.80,-0.0030,0.0201,0.0195,0.3725
14-JUL-2015,HFCL,13.40,13.25,0.0113,0.0361,0.0351,0.6706
14-JUL-2015,HGS,491.50,487.15,0.0089,0.0094,0.0094,0.1796
14-JUL-2015,HIKAL,132.20,132.35,-0.0011,0.0262,0.0254,0.4853
14-JUL-2015,HIL,738.80,759.65,-0.0278,0.0269,0.0270,0.5158
14-JUL-2015,HILTON,16.65,17.55,-0.0526,0.0488,0.0490,0.9361
14-JUL-2015,HIMATSEIDE,122.25,112.65,0.0818,0.0469,0.0497,0.9495
14-JUL-2015,HINDALCO,104.60,106.65,-0.0194,0.0207,0.0206,0.3936
14-JUL-2015,HINDCOMPOS,1018.00,1024.55,-0.0064,0.0193,0.0188,0.3592
14-JUL-2015,HINDCOPPER,61.60,61.30,0.0049,0.0251,0.0244,0.4662
14-JUL-2015,HINDDORROL,19.00,18.75,0.0132,0.0686,0.0666,1.2724
14-JUL-2015,HINDMOTORS,6.20,6.20,0.0000,0.0268,0.0260,0.4967
14-JUL-2015,HINDNATGLS,112.65,112.65,0.0000,0.0156,0.0151,0.2885
14-JUL-2015,HINDOILEXP,39.90,37.80,0.0541,0.0240,0.0268,0.5120
14-JUL-2015,HINDPETRO,848.80,820.90,0.0334,0.0219,0.0228,0.4356
14-JUL-2015,HINDSYNTEX,14.45,13.85,0.0424,0.0468,0.0465,0.8884
14-JUL-2015,HINDUJAFO,33.00,31.75,0.0386,0.0324,0.0328,0.6266
14-JUL-2015,HINDUJAVEN,408.75,409.05,-0.0007,0.0168,0.0163,0.3114
14-JUL-2015,HINDUNILVR,927.30,910.70,0.0181,0.0137,0.0140,0.2675
14-JUL-2015,HINDZINC,160.50,159.65,0.0053,0.0132,0.0129,0.2465
14-JUL-2015,HIRECT,78.00,75.85,0.0280,0.0281,0.0281,0.5368
14-JUL-2015,HITACHIHOM,1597.10,1570.95,0.0165,0.0217,0.0214,0.4088
14-JUL-2015,HITECHGEAR,280.65,266.60,0.0514,0.0206,0.0236,0.4509
14-JUL-2015,HITECHPLAS,103.00,103.05,-0.0005,0.0283,0.0274,0.5235
14-JUL-2015,HMT,49.15,46.95,0.0458,0.0438,0.0439,0.8387
14-JUL-2015,HMVL,252.50,239.50,0.0529,0.0231,0.0259,0.4948
14-JUL-2015,HNGSNGBEES,2300.00,2270.44,0.0129,0.0272,0.0266,0.5082
14-JUL-2015,HOCL,16.05,16.30,-0.0155,0.0339,0.0331,0.6324
14-JUL-2015,HONAUT,7621.75,7623.45,-0.0002,0.0193,0.0187,0.3573
14-JUL-2015,HONDAPOWER,1176.05,1161.25,0.0127,0.0241,0.0236,0.4509
14-JUL-2015,HOTELEELA,19.05,19.10,-0.0026,0.0174,0.0169,0.3229
14-JUL-2015,HOTELRUGBY,4.65,4.45,0.0440,0.0364,0.0369,0.7050
14-JUL-2015,HOVS,90.80,88.95,0.0206,0.0499,0.0486,0.9285
14-JUL-2015,HSIL,345.50,347.60,-0.0061,0.0206,0.0200,0.3821
14-JUL-2015,HTMEDIA,99.65,95.25,0.0452,0.0185,0.0211,0.4031
14-JUL-2015,HUBTOWN,96.40,95.35,0.0110,0.0324,0.0315,0.6018
14-JUL-2015,IBREALEST,55.35,56.85,-0.0267,0.0484,0.0474,0.9056
14-JUL-2015,IBULHSGFIN,639.35,633.00,0.0100,0.0208,0.0203,0.3878
14-JUL-2015,IBVENTURES,37.70,35.80,0.0517,0.0192,0.0225,0.4299
14-JUL-2015,IBWSL,12.35,12.40,-0.0040,0.0327,0.0317,0.6056
14-JUL-2015,ICICIBANK,313.45,316.40,-0.0094,0.0139,0.0137,0.2617
14-JUL-2015,ICIL,716.15,724.20,-0.0112,0.0276,0.0269,0.5139
14-JUL-2015,ICNX100,86.55,84.55,0.0234,0.0376,0.0369,0.7050
14-JUL-2015,ICRA,4287.20,4308.65,-0.0050,0.0096,0.0094,0.1796
14-JUL-2015,ICSA,3.05,2.90,0.0504,0.0282,0.0300,0.5731
14-JUL-2015,IDBI,65.55,66.05,-0.0076,0.0223,0.0217,0.4146
14-JUL-2015,IDBIGOLD,2478.70,2490.00,-0.0045,0.0065,0.0064,0.1223
14-JUL-2015,IDEA,175.65,174.95,0.0040,0.0176,0.0171,0.3267
14-JUL-2015,IDFC,155.05,156.10,-0.0067,0.0148,0.0144,0.2751
14-JUL-2015,IFBAGRO,352.10,344.55,0.0217,0.0390,0.0382,0.7298
14-JUL-2015,IFBIND,472.15,472.45,-0.0006,0.0319,0.0309,0.5903
14-JUL-2015,IFCI,27.50,27.55,-0.0018,0.0205,0.0199,0.3802
14-JUL-2015,IFGLREFRAC,117.00,117.40,-0.0034,0.0408,0.0396,0.7566
14-JUL-2015,IGARASHI,685.00,661.15,0.0354,0.0381,0.0379,0.7241
14-JUL-2015,IGL,444.55,445.55,-0.0022,0.0230,0.0223,0.4260
14-JUL-2015,IGOLD,2458.20,2474.50,-0.0066,0.0076,0.0075,0.1433
14-JUL-2015,IGPL,117.55,116.85,0.0060,0.0413,0.0401,0.7661
14-JUL-2015,IIFL,207.10,188.30,0.0952,0.0210,0.0310,0.5923
14-JUL-2015,IIFLNIFTY,869.00,880.00,-0.0126,0.0173,0.0171,0.3267
14-JUL-2015,IITL,73.00,70.00,0.0420,0.0335,0.0341,0.6515
14-JUL-2015,IL&FSENGG,89.20,88.45,0.0084,0.0376,0.0365,0.6973
14-JUL-2015,IL&FSTRANS,142.40,142.65,-0.0018,0.0161,0.0156,0.2980
14-JUL-2015,IMFA,160.00,159.60,0.0025,0.0232,0.0225,0.4299
14-JUL-2015,IMPAL,673.15,672.75,0.0006,0.0083,0.0080,0.1528
14-JUL-2015,IMPEXFERRO,2.10,2.05,0.0241,0.0358,0.0352,0.6725
14-JUL-2015,INDBANK,9.05,8.90,0.0167,0.0315,0.0308,0.5884
14-JUL-2015,INDHOTEL,96.05,95.10,0.0099,0.0182,0.0178,0.3401
14-JUL-2015,INDIACEM,90.70,94.25,-0.0384,0.0279,0.0286,0.5464
14-JUL-2015,INDIAGLYCO,90.00,89.05,0.0106,0.0243,0.0237,0.4528
14-JUL-2015,INDIANB,137.35,136.90,0.0033,0.0181,0.0176,0.3362
14-JUL-2015,INDIANCARD,122.80,121.05,0.0144,0.0297,0.0290,0.5540
14-JUL-2015,INDIANHUME,364.15,364.00,0.0004,0.0288,0.0279,0.5330
14-JUL-2015,INDLMETER,67.00,65.80,0.0181,0.0168,0.0169,0.3229
14-JUL-2015,INDNIPPON,405.90,411.15,-0.0129,0.0158,0.0156,0.2980
14-JUL-2015,INDOCO,363.35,361.00,0.0065,0.0190,0.0185,0.3534
14-JUL-2015,INDORAMA,47.90,43.55,0.0952,0.0557,0.0588,1.1234
14-JUL-2015,INDOSOLAR,14.80,14.85,-0.0034,0.0381,0.0369,0.7050
14-JUL-2015,INDOTECH,183.20,172.75,0.0587,0.0307,0.0331,0.6324
14-JUL-2015,INDOTHAI,22.20,21.60,0.0274,0.0699,0.0681,1.3010
14-JUL-2015,INDOWIND,4.05,4.00,0.0124,0.0257,0.0251,0.4795
14-JUL-2015,INDRAMEDCO,67.40,65.90,0.0225,0.0283,0.0280,0.5349
14-JUL-2015,INDSWFTLAB,33.40,34.05,-0.0193,0.0275,0.0271,0.5177
14-JUL-2015,INDSWFTLTD,4.40,4.40,0.0000,0.0326,0.0316,0.6037
14-JUL-2015,INDTERRAIN,649.40,649.10,0.0005,0.0224,0.0217,0.4146
14-JUL-2015,INDUSINDBK,924.05,923.95,0.0001,0.0163,0.0158,0.3019
14-JUL-2015,INFINITE,170.95,170.60,0.0020,0.0418,0.0405,0.7738
14-JUL-2015,INFOMEDIA,3.70,3.85,-0.0397,0.0585,0.0575,1.0985
14-JUL-2015,INFRABEES,336.50,339.15,-0.0078,0.0104,0.0103,0.1968
14-JUL-2015,INFRATEL,447.95,439.05,0.0201,0.0319,0.0313,0.5980
14-JUL-2015,INFY,971.25,950.15,0.0220,0.0135,0.0142,0.2713
14-JUL-2015,INGERRAND,955.35,964.90,-0.0099,0.0153,0.0150,0.2866
14-JUL-2015,INIFTY,87.00,86.54,0.0053,0.0166,0.0161,0.3076
14-JUL-2015,INNOIND,11.75,11.75,0.0000,0.0407,0.0395,0.7546
14-JUL-2015,INOXLEISUR,192.15,187.85,0.0226,0.0225,0.0225,0.4299
14-JUL-2015,INOXWIND,454.90,463.45,-0.0186,0.0225,0.0223,0.4260
14-JUL-2015,INSECTICID,560.40,560.10,0.0005,0.0215,0.0208,0.3974
14-JUL-2015,INTEGRA,1.70,1.70,0.0000,0.0139,0.0135,0.2579
14-JUL-2015,INTELLECT,114.85,110.25,0.0409,0.0260,0.0271,0.5177
14-JUL-2015,INVENTURE,11.60,11.50,0.0087,0.0201,0.0196,0.3745
14-JUL-2015,IOB,38.55,38.65,-0.0026,0.0159,0.0154,0.2942
14-JUL-2015,IOC,438.85,424.70,0.0328,0.0210,0.0219,0.4184
14-JUL-2015,IOLCP,91.10,89.65,0.0160,0.0392,0.0382,0.7298
14-JUL-2015,IPAPPM,303.95,295.40,0.0285,0.0214,0.0219,0.4184
14-JUL-2015,IPCALAB,691.70,693.35,-0.0024,0.0155,0.0150,0.2866
14-JUL-2015,IRB,230.30,235.05,-0.0204,0.0198,0.0198,0.3783
14-JUL-2015,ISENSEX,236.00,244.40,-0.0350,0.0224,0.0233,0.4451
14-JUL-2015,ISFT,515.70,501.75,0.0274,0.0675,0.0658,1.2571
14-JUL-2015,ISMTLTD,9.05,9.05,0.0000,0.0218,0.0211,0.4031
14-JUL-2015,ITC,312.30,314.60,-0.0073,0.0117,0.0115,0.2197
14-JUL-2015,ITDCEM,684.15,684.85,-0.0010,0.0242,0.0235,0.4490
14-JUL-2015,ITI,26.90,26.25,0.0245,0.0528,0.0515,0.9839
14-JUL-2015,IVC,21.15,21.55,-0.0187,0.0181,0.0181,0.3458
14-JUL-2015,IVP,63.30,62.50,0.0127,0.0302,0.0294,0.5617
14-JUL-2015,IVRCLINFRA,11.65,11.70,-0.0043,0.0326,0.0316,0.6037
14-JUL-2015,IZMO,62.25,60.70,0.0252,0.0656,0.0639,1.2208
14-JUL-2015,J&KBANK,104.00,104.10,-0.0010,0.0145,0.0141,0.2694
14-JUL-2015,JAGRAN,125.70,121.80,0.0315,0.0185,0.0195,0.3725
14-JUL-2015,JAGSNPHARM,26.85,27.15,-0.0111,0.0400,0.0389,0.7432
14-JUL-2015,JAIBALAJI,10.25,10.60,-0.0336,0.0552,0.0541,1.0336
14-JUL-2015,JAICORPLTD,61.90,59.95,0.0320,0.0295,0.0297,0.5674
14-JUL-2015,JAIHINDPRO,21.15,22.50,-0.0619,0.0777,0.0768,1.4673
14-JUL-2015,JAINSTUDIO,4.70,4.70,0.0000,0.0269,0.0261,0.4986
14-JUL-2015,JAMNAAUTO,216.80,220.65,-0.0176,0.0257,0.0253,0.4834
14-JUL-2015,JAYAGROGN,99.95,98.60,0.0136,0.0272,0.0266,0.5082
14-JUL-2015,JAYBARMARU,146.80,149.20,-0.0162,0.0198,0.0196,0.3745
14-JUL-2015,JAYNECOIND,8.60,8.70,-0.0116,0.0311,0.0303,0.5789
14-JUL-2015,JAYSREETEA,74.25,72.60,0.0225,0.0459,0.0448,0.8559
14-JUL-2015,JBCHEPHARM,258.85,257.95,0.0035,0.0241,0.0234,0.4471
14-JUL-2015,JBFIND,280.40,269.10,0.0411,0.0442,0.0440,0.8406
14-JUL-2015,JBMA,177.20,177.55,-0.0020,0.0324,0.0314,0.5999
14-JUL-2015,JCTEL,0.40,0.35,0.1335,0.1143,0.1155,2.2066
14-JUL-2015,JENSONICOL,7.65,7.90,-0.0322,0.0534,0.0524,1.0011
14-JUL-2015,JETAIRWAYS,354.15,339.45,0.0424,0.0418,0.0418,0.7986
14-JUL-2015,JIKIND,0.90,0.90,0.0000,0.0247,0.0239,0.4566
14-JUL-2015,JINDALPHOT,136.55,134.65,0.0140,0.0298,0.0291,0.5560
14-JUL-2015,JINDALPOLY,284.85,279.45,0.0191,0.0292,0.0287,0.5483
14-JUL-2015,JINDALSAW,68.55,67.50,0.0154,0.0251,0.0246,0.4700
14-JUL-2015,JINDALSTEL,82.80,83.85,-0.0126,0.0275,0.0268,0.5120
14-JUL-2015,JINDCOT,7.00,7.00,0.0000,0.0349,0.0338,0.6457
14-JUL-2015,JINDRILL,165.05,156.55,0.0529,0.0148,0.0193,0.3687
14-JUL-2015,JINDWORLD,92.90,95.75,-0.0302,0.0282,0.0283,0.5407
14-JUL-2015,JISLDVREQS,42.70,41.55,0.0273,0.0261,0.0262,0.5006
14-JUL-2015,JISLJALEQS,74.50,73.05,0.0197,0.0253,0.0250,0.4776
14-JUL-2015,JKCEMENT,618.50,630.10,-0.0186,0.0181,0.0181,0.3458
14-JUL-2015,JKIL,828.25,803.85,0.0299,0.0213,0.0219,0.4184
14-JUL-2015,JKLAKSHMI,332.70,331.10,0.0048,0.0213,0.0207,0.3955
14-JUL-2015,JKPAPER,36.15,36.60,-0.0124,0.0229,0.0224,0.4280
14-JUL-2015,JKTYRE,86.40,86.20,0.0023,0.0251,0.0243,0.4643
14-JUL-2015,JMA,192.65,186.55,0.0322,0.0348,0.0346,0.6610
14-JUL-2015,JMCPROJECT,254.30,264.95,-0.0410,0.0325,0.0331,0.6324
14-JUL-2015,JMFINANCIL,45.35,44.65,0.0156,0.0204,0.0201,0.3840
14-JUL-2015,JMTAUTOLTD,61.50,58.60,0.0483,0.0592,0.0586,1.1196
14-JUL-2015,JOCIL,141.60,138.90,0.0193,0.0303,0.0298,0.5693
14-JUL-2015,JPASSOCIAT,12.15,11.50,0.0550,0.0420,0.0429,0.8196
14-JUL-2015,JPINFRATEC,16.95,17.00,-0.0029,0.0457,0.0443,0.8464
14-JUL-2015,JPOLYINVST,82.05,81.15,0.0110,0.0308,0.0300,0.5731
14-JUL-2015,JPPOWER,7.20,6.90,0.0426,0.0386,0.0388,0.7413
14-JUL-2015,JSL,40.30,39.80,0.0125,0.0281,0.0274,0.5235
14-JUL-2015,JSWENERGY,103.15,99.20,0.0390,0.0219,0.0233,0.4451
14-JUL-2015,JSWHL,1064.45,1074.25,-0.0092,0.0176,0.0172,0.3286
14-JUL-2015,JSWSTEEL,831.05,834.80,-0.0045,0.0178,0.0173,0.3305
14-JUL-2015,JUBILANT,197.05,202.90,-0.0293,0.0315,0.0314,0.5999
14-JUL-2015,JUBLFOOD,1871.65,1872.75,-0.0006,0.0160,0.0155,0.2961
14-JUL-2015,JUBLINDS,175.40,175.40,0.0000,0.0367,0.0356,0.6801
14-JUL-2015,JUNIORBEES,204.84,204.36,0.0023,0.0093,0.0090,0.1719
14-JUL-2015,JUSTDIAL,1151.85,1171.80,-0.0172,0.0190,0.0189,0.3611
14-JUL-2015,JVLAGRO,15.20,15.00,0.0132,0.0294,0.0287,0.5483
14-JUL-2015,JYOTHYLAB,303.85,305.40,-0.0051,0.0196,0.0190,0.3630
14-JUL-2015,JYOTISTRUC,25.50,25.80,-0.0117,0.0351,0.0342,0.6534
14-JUL-2015,KABRAEXTRU,90.40,90.60,-0.0022,0.0353,0.0342,0.6534
14-JUL-2015,KAJARIACER,751.40,753.60,-0.0029,0.0153,0.0149,0.2847
14-JUL-2015,KAKATCEM,131.05,131.50,-0.0034,0.0269,0.0261,0.4986
14-JUL-2015,KALINDEE,124.00,124.15,-0.0012,0.0204,0.0198,0.3783
14-JUL-2015,KALPATPOWR,263.30,272.55,-0.0345,0.0227,0.0236,0.4509
14-JUL-2015,KALYANIFRG,289.00,285.00,0.0139,0.0259,0.0253,0.4834
14-JUL-2015,KAMATHOTEL,60.00,63.35,-0.0543,0.0316,0.0334,0.6381
14-JUL-2015,KANANIIND,8.00,7.80,0.0253,0.0408,0.0400,0.7642
14-JUL-2015,KANORICHEM,41.50,41.45,0.0012,0.0214,0.0208,0.3974
14-JUL-2015,KANSAINER,249.00,251.65,-0.0106,0.0225,0.0220,0.4203
14-JUL-2015,KARMAENG,21.70,20.50,0.0569,0.0522,0.0525,1.0030
14-JUL-2015,KARURVYSYA,474.95,473.75,0.0025,0.0155,0.0150,0.2866
14-JUL-2015,KAUSHALYA,7.00,7.10,-0.0142,0.0419,0.0408,0.7795
14-JUL-2015,KAVVERITEL,16.55,17.60,-0.0615,0.0646,0.0644,1.2304
14-JUL-2015,KCP,70.15,71.45,-0.0184,0.0302,0.0296,0.5655
14-JUL-2015,KCPSUGIND,16.25,16.45,-0.0122,0.0191,0.0188,0.3592
14-JUL-2015,KEC,144.85,148.20,-0.0229,0.0364,0.0357,0.6820
14-JUL-2015,KECL,26.45,25.85,0.0229,0.0320,0.0315,0.6018
14-JUL-2015,KEI,88.60,89.85,-0.0140,0.0466,0.0453,0.8655
14-JUL-2015,KEMROCK,21.95,21.50,0.0207,0.0688,0.0669,1.2781
14-JUL-2015,KERNEX,43.80,41.75,0.0479,0.0180,0.0210,0.4012
14-JUL-2015,KESARENT,14.80,14.75,0.0034,0.0391,0.0379,0.7241
14-JUL-2015,KESORAMIND,82.90,84.40,-0.0179,0.0337,0.0330,0.6305
14-JUL-2015,KEYCORPSER,37.45,37.45,0.0000,0.0016,0.0016,0.0306
14-JUL-2015,KGL,2.75,2.60,0.0561,0.0519,0.0522,0.9973
14-JUL-2015,KHAITANELE,44.20,45.00,-0.0179,0.0386,0.0377,0.7203
14-JUL-2015,KHAITANLTD,7.65,7.65,0.0000,0.0181,0.0175,0.3343
14-JUL-2015,KHANDSE,16.75,16.75,0.0000,0.0133,0.0129,0.2465
14-JUL-2015,KICL,2545.65,2549.75,-0.0016,0.0211,0.0205,0.3917
14-JUL-2015,KIL,42.65,41.65,0.0237,0.0274,0.0272,0.5197
14-JUL-2015,KILITCH,37.75,37.55,0.0053,0.0386,0.0374,0.7145
14-JUL-2015,KIRIINDUS,113.50,109.75,0.0336,0.0316,0.0317,0.6056
14-JUL-2015,KIRLOSBROS,209.85,207.65,0.0105,0.0190,0.0186,0.3554
14-JUL-2015,KIRLOSENG,291.50,285.85,0.0196,0.0144,0.0148,0.2828
14-JUL-2015,KIRLOSIND,606.30,614.00,-0.0126,0.0222,0.0217,0.4146
14-JUL-2015,KITEX,1050.60,1041.70,0.0085,0.0294,0.0286,0.5464
14-JUL-2015,KKCL,2000.15,2016.10,-0.0079,0.0165,0.0161,0.3076
14-JUL-2015,KLGSYSTEL,4.10,4.10,0.0000,0.0016,0.0016,0.0306
14-JUL-2015,KMSUGAR,2.00,2.00,0.0000,0.0398,0.0386,0.7375
14-JUL-2015,KNRCON,616.05,592.20,0.0395,0.0213,0.0228,0.4356
14-JUL-2015,KOHINOOR,46.60,44.85,0.0383,0.0257,0.0266,0.5082
14-JUL-2015,KOKUYOCMLN,95.10,98.70,-0.0372,0.0254,0.0263,0.5025
14-JUL-2015,KOLTEPATIL,199.65,199.95,-0.0015,0.0153,0.0148,0.2828
14-JUL-2015,KOPRAN,60.30,59.45,0.0142,0.0314,0.0306,0.5846
14-JUL-2015,KOTAKBANK,710.70,715.00,-0.0060,0.0141,0.0138,0.2636
14-JUL-2015,KOTAKBKETF,192.68,189.00,0.0193,0.0114,0.0120,0.2293
14-JUL-2015,KOTAKGOLD,233.30,233.95,-0.0028,0.0065,0.0063,0.1204
14-JUL-2015,KOTAKNIFTY,850.14,851.00,-0.0010,0.0079,0.0077,0.1471
14-JUL-2015,KOTAKPSUBK,344.50,346.04,-0.0045,0.0176,0.0171,0.3267
14-JUL-2015,KOTARISUG,5.55,5.50,0.0090,0.0198,0.0193,0.3687
14-JUL-2015,KOTHARIPET,15.30,14.75,0.0366,0.0254,0.0262,0.5006
14-JUL-2015,KOTHARIPRO,216.05,212.80,0.0152,0.0184,0.0182,0.3477
14-JUL-2015,KPIT,100.25,93.60,0.0686,0.0272,0.0313,0.5980
14-JUL-2015,KPRMILL,637.25,636.45,0.0013,0.0240,0.0233,0.4451
14-JUL-2015,KRBL,172.65,165.75,0.0408,0.0219,0.0235,0.4490
14-JUL-2015,KSBPUMPS,605.15,604.85,0.0005,0.0167,0.0162,0.3095
14-JUL-2015,KSCL,730.35,731.85,-0.0021,0.0193,0.0187,0.3573
14-JUL-2015,KSERASERA,0.20,0.25,-0.2231,0.1065,0.1168,2.2315
14-JUL-2015,KSK,38.25,38.25,0.0000,0.0225,0.0218,0.4165
14-JUL-2015,KSL,108.45,109.75,-0.0119,0.0209,0.0205,0.3917
14-JUL-2015,KTIL,455.50,451.95,0.0078,0.0376,0.0365,0.6973
14-JUL-2015,KTKBANK,153.10,153.25,-0.0010,0.0251,0.0243,0.4643
14-JUL-2015,KWALITY,78.05,73.80,0.0560,0.0577,0.0576,1.1004
14-JUL-2015,L&TFH,72.05,70.90,0.0161,0.0219,0.0216,0.4127
14-JUL-2015,LAKPRE,39.50,40.05,-0.0138,0.0334,0.0326,0.6228
14-JUL-2015,LAKSHMIEFL,8.80,8.85,-0.0057,0.0336,0.0326,0.6228
14-JUL-2015,LAKSHVILAS,93.15,93.95,-0.0086,0.0117,0.0115,0.2197
14-JUL-2015,LAMBODHARA,919.50,910.10,0.0103,0.0646,0.0627,1.1979
14-JUL-2015,LAOPALA,446.05,442.00,0.0091,0.0570,0.0553,1.0565
14-JUL-2015,LAXMIMACH,3775.70,3767.35,0.0022,0.0128,0.0124,0.2369
14-JUL-2015,LCCINFOTEC,0.20,0.25,-0.2231,0.0968,0.1086,2.0748
14-JUL-2015,LFIC,39.95,39.95,0.0000,0.0260,0.0252,0.4814
14-JUL-2015,LGBBROSLTD,521.30,517.50,0.0073,0.0191,0.0186,0.3554
14-JUL-2015,LGBFORGE,7.10,6.10,0.1518,0.0388,0.0529,1.0107
14-JUL-2015,LIBERTSHOE,244.45,248.55,-0.0166,0.0223,0.0220,0.4203
14-JUL-2015,LICHSGFIN,461.10,463.15,-0.0044,0.0179,0.0174,0.3324
14-JUL-2015,LICNMFET,13.88,13.94,-0.0043,0.0038,0.0038,0.0726
14-JUL-2015,LINCPEN,168.90,173.85,-0.0289,0.0344,0.0341,0.6515
14-JUL-2015,LINDEINDIA,393.80,389.95,0.0098,0.0198,0.0193,0.3687
14-JUL-2015,LIQUIDBEES,1000.00,999.99,0.0000,0.0016,0.0016,0.0306
14-JUL-2015,LITL,3.95,3.95,0.0000,0.0270,0.0262,0.5006
14-JUL-2015,LLOYDELENG,243.30,249.40,-0.0248,0.0467,0.0457,0.8731
14-JUL-2015,LML,6.55,6.50,0.0077,0.0187,0.0182,0.3477
14-JUL-2015,LOKESHMACH,93.85,95.25,-0.0148,0.0481,0.0468,0.8941
14-JUL-2015,LOTUSEYE,12.75,12.85,-0.0078,0.0487,0.0473,0.9037
14-JUL-2015,LOVABLE,298.10,292.45,0.0191,0.0330,0.0323,0.6171
14-JUL-2015,LPDC,3.25,3.25,0.0000,0.0500,0.0485,0.9266
14-JUL-2015,LT,1857.55,1857.70,-0.0001,0.0138,0.0134,0.2560
14-JUL-2015,LUMAXAUTO,40.60,39.05,0.0389,0.0587,0.0577,1.1024
14-JUL-2015,LUMAXIND,322.90,321.70,0.0037,0.0216,0.0210,0.4012
14-JUL-2015,LUMAXTECH,244.95,248.05,-0.0126,0.0355,0.0346,0.6610
14-JUL-2015,LUPIN,1916.30,1881.80,0.0182,0.0156,0.0158,0.3019
14-JUL-2015,LYCOS,33.00,33.00,0.0000,0.0384,0.0372,0.7107
14-JUL-2015,LYKALABS,69.50,64.50,0.0747,0.0277,0.0325,0.6209
14-JUL-2015,LYPSAGEMS,64.00,62.50,0.0237,0.0150,0.0157,0.2999
14-JUL-2015,M&M,1269.95,1267.60,0.0019,0.0163,0.0158,0.3019
14-JUL-2015,M&MFIN,278.75,277.80,0.0034,0.0235,0.0228,0.4356
14-JUL-2015,M100,13.85,13.84,0.0007,0.0107,0.0104,0.1987
14-JUL-2015,M50,80.49,80.65,-0.0020,0.0091,0.0088,0.1681
14-JUL-2015,MAANALU,36.40,35.45,0.0264,0.0557,0.0544,1.0393
14-JUL-2015,MADHAV,53.10,51.05,0.0394,0.0331,0.0335,0.6400
14-JUL-2015,MADHUCON,69.85,70.40,-0.0078,0.0332,0.0322,0.6152
14-JUL-2015,MADRASFERT,14.85,15.20,-0.0233,0.0219,0.0220,0.4203
14-JUL-2015,MAGMA,88.85,90.20,-0.0151,0.0221,0.0217,0.4146
14-JUL-2015,MAGNUM,2.75,2.60,0.0561,0.0816,0.0803,1.5341
14-JUL-2015,MAHABANK,37.60,37.80,-0.0053,0.0205,0.0199,0.3802
14-JUL-2015,MAHINDCIE,237.30,238.10,-0.0034,0.0259,0.0251,0.4795
14-JUL-2015,MAHLIFE,437.25,433.70,0.0082,0.0135,0.0132,0.2522
14-JUL-2015,MAHSCOOTER,1120.20,1157.60,-0.0328,0.0158,0.0173,0.3305
14-JUL-2015,MAHSEAMLES,186.35,182.65,0.0201,0.0152,0.0155,0.2961
14-JUL-2015,MAITHANALL,229.95,237.50,-0.0323,0.0292,0.0294,0.5617
14-JUL-2015,MALUPAPER,11.40,11.60,-0.0174,0.0422,0.0411,0.7852
14-JUL-2015,MALWACOTT,8.85,9.25,-0.0442,0.0282,0.0294,0.5617
14-JUL-2015,MANAKALUCO,3.70,3.55,0.0414,0.0413,0.0413,0.7890
14-JUL-2015,MANAKCOAT,3.05,2.95,0.0333,0.0401,0.0397,0.7585
14-JUL-2015,MANAKINDST,5.50,5.25,0.0465,0.0496,0.0494,0.9438
14-JUL-2015,MANAKSIA,47.00,45.35,0.0357,0.0198,0.0211,0.4031
14-JUL-2015,MANAKSTEEL,7.70,7.35,0.0465,0.0413,0.0416,0.7948
14-JUL-2015,MANALIPETC,24.05,24.30,-0.0103,0.0433,0.0421,0.8043
14-JUL-2015,MANAPPURAM,27.75,28.10,-0.0125,0.0202,0.0198,0.3783
14-JUL-2015,MANDHANA,253.75,256.10,-0.0092,0.0156,0.0153,0.2923
14-JUL-2015,MANGALAM,59.70,60.65,-0.0158,0.0503,0.0489,0.9342
14-JUL-2015,MANGCHEFER,67.95,68.55,-0.0088,0.0309,0.0300,0.5731
14-JUL-2015,MANGLMCEM,277.45,273.15,0.0156,0.0181,0.0180,0.3439
14-JUL-2015,MANGTIMBER,10.50,10.60,-0.0095,0.0534,0.0518,0.9896
14-JUL-2015,MANINDS,123.45,116.05,0.0618,0.0554,0.0558,1.0661
14-JUL-2015,MANINFRA,46.85,45.55,0.0281,0.0233,0.0236,0.4509
14-JUL-2015,MANPASAND,325.25,322.15,0.0096,0.0222,0.0217,0.4146
14-JUL-2015,MANUGRAPH,33.25,33.25,0.0000,0.0238,0.0231,0.4413
14-JUL-2015,MARALOVER,39.00,37.50,0.0392,0.0605,0.0594,1.1348
14-JUL-2015,MARICO,439.45,438.60,0.0019,0.0220,0.0213,0.4069
14-JUL-2015,MARKSANS,91.30,90.20,0.0121,0.0524,0.0509,0.9724
14-JUL-2015,MARUTI,4050.65,4035.25,0.0038,0.0114,0.0111,0.2121
14-JUL-2015,MASTEK,187.05,186.30,0.0040,0.0403,0.0391,0.7470
14-JUL-2015,MAWANASUG,7.00,7.10,-0.0142,0.0311,0.0304,0.5808
14-JUL-2015,MAX,496.65,495.55,0.0022,0.0175,0.0170,0.3248
14-JUL-2015,MAXWELL,67.50,65.90,0.0240,0.0404,0.0396,0.7566
14-JUL-2015,MAYURUNIQ,413.50,416.30,-0.0067,0.0156,0.0152,0.2904
14-JUL-2015,MBECL,98.95,98.40,0.0056,0.0450,0.0437,0.8349
14-JUL-2015,MBLINFRA,569.25,567.05,0.0039,0.0208,0.0202,0.3859
14-JUL-2015,MCDHOLDING,31.20,32.10,-0.0284,0.0364,0.0360,0.6878
14-JUL-2015,MCDOWELL-N,3473.85,3473.20,0.0002,0.0191,0.0185,0.3534
14-JUL-2015,MCLEODRUSS,230.00,227.90,0.0092,0.0237,0.0231,0.4413
14-JUL-2015,MCX,1062.95,1055.25,0.0073,0.0206,0.0201,0.3840
14-JUL-2015,MEGASOFT,7.70,7.80,-0.0129,0.0630,0.0612,1.1692
14-JUL-2015,MEGH,21.40,20.55,0.0405,0.0349,0.0353,0.6744
14-JUL-2015,MELSTAR,3.80,3.95,-0.0387,0.0303,0.0309,0.5903
14-JUL-2015,MENONBE,42.10,41.75,0.0083,0.0319,0.0310,0.5923
14-JUL-2015,MEP,59.15,59.80,-0.0109,0.0430,0.0418,0.7986
14-JUL-2015,MERCATOR,19.70,19.05,0.0336,0.0338,0.0338,0.6457
14-JUL-2015,MERCK,811.10,809.65,0.0018,0.0110,0.0107,0.2044
14-JUL-2015,METALFORGE,140.45,133.55,0.0504,0.0370,0.0379,0.7241
14-JUL-2015,METKORE,3.50,3.45,0.0144,0.0482,0.0469,0.8960
14-JUL-2015,MHRIL,291.60,277.90,0.0481,0.0311,0.0324,0.6190
14-JUL-2015,MIC,24.60,25.85,-0.0496,0.0588,0.0583,1.1138
14-JUL-2015,MICROSEC,96.30,85.15,0.1231,0.0320,0.0433,0.8272
14-JUL-2015,MINDACORP,84.05,84.25,-0.0024,0.0215,0.0209,0.3993
14-JUL-2015,MINDAIND,521.75,516.40,0.0103,0.0180,0.0176,0.3362
14-JUL-2015,MINDTREE,1232.40,1234.30,-0.0015,0.0205,0.0199,0.3802
14-JUL-2015,MIRCELECTR,14.10,14.10,0.0000,0.0476,0.0461,0.8807
14-JUL-2015,MIRZAINT,105.80,105.80,0.0000,0.0330,0.0320,0.6114
14-JUL-2015,MMFL,685.25,685.80,-0.0008,0.0242,0.0235,0.4490
14-JUL-2015,MMTC,50.00,50.65,-0.0129,0.0346,0.0337,0.6438
14-JUL-2015,MOHITIND,49.70,50.75,-0.0209,0.0242,0.0240,0.4585
14-JUL-2015,MOIL,239.75,237.60,0.0090,0.0108,0.0107,0.2044
14-JUL-2015,MOLDTKPAC,189.00,191.40,-0.0126,0.0276,0.0269,0.5139
14-JUL-2015,MONNETISPA,43.40,45.20,-0.0406,0.0578,0.0569,1.0871
14-JUL-2015,MONSANTO,3180.90,3178.50,0.0008,0.0268,0.0260,0.4967
14-JUL-2015,MONTECARLO,569.95,558.25,0.0207,0.0206,0.0206,0.3936
14-JUL-2015,MORARJEE,58.80,57.95,0.0146,0.0512,0.0498,0.9514
14-JUL-2015,MOREPENLAB,13.10,13.05,0.0038,0.0336,0.0326,0.6228
14-JUL-2015,MOSERBAER,11.40,11.45,-0.0044,0.0298,0.0289,0.5521
14-JUL-2015,MOTHERSUMI,523.60,528.50,-0.0093,0.0197,0.0192,0.3668
14-JUL-2015,MOTILALOFS,330.95,316.45,0.0448,0.0197,0.0220,0.4203
14-JUL-2015,MOTOGENFIN,44.00,46.00,-0.0445,0.0265,0.0279,0.5330
14-JUL-2015,MPHASIS,410.55,403.00,0.0186,0.0159,0.0161,0.3076
14-JUL-2015,MPSLTD,829.95,836.75,-0.0082,0.0127,0.0125,0.2388
14-JUL-2015,MRF,35486.10,35714.50,-0.0064,0.0144,0.0140,0.2675
14-JUL-2015,MRO-TEK,12.05,12.35,-0.0246,0.0390,0.0383,0.7317
14-JUL-2015,MRPL,79.00,74.45,0.0593,0.0225,0.0262,0.5006
14-JUL-2015,MSPL,12.95,13.10,-0.0115,0.0317,0.0309,0.5903
14-JUL-2015,MTEDUCARE,122.60,122.30,0.0024,0.0245,0.0238,0.4547
14-JUL-2015,MTNL,20.35,19.90,0.0224,0.0489,0.0477,0.9113
14-JUL-2015,MUKANDENGG,35.55,35.40,0.0042,0.0490,0.0475,0.9075
14-JUL-2015,MUKANDLTD,37.20,38.15,-0.0252,0.0215,0.0217,0.4146
14-JUL-2015,MUKTAARTS,31.70,30.00,0.0551,0.0302,0.0322,0.6152
14-JUL-2015,MUNJALAU,81.45,78.75,0.0337,0.0212,0.0222,0.4241
14-JUL-2015,MUNJALSHOW,184.70,180.70,0.0219,0.0179,0.0182,0.3477
14-JUL-2015,MURLIIND,4.45,4.45,0.0000,0.0224,0.0217,0.4146
14-JUL-2015,MURUDCERA,20.95,20.80,0.0072,0.0261,0.0254,0.4853
14-JUL-2015,MUTHOOTFIN,200.70,204.05,-0.0166,0.0241,0.0237,0.4528
14-JUL-2015,MVL,0.45,0.50,-0.1054,0.1012,0.1015,1.9392
14-JUL-2015,MYSOREBANK,449.60,453.40,-0.0084,0.0149,0.0146,0.2789
14-JUL-2015,N100,274.50,274.05,0.0016,0.0089,0.0086,0.1643
14-JUL-2015,NAGAROIL,4.40,4.45,-0.0113,0.0492,0.0478,0.9132
14-JUL-2015,NAGREEKCAP,15.25,14.55,0.0470,0.0379,0.0385,0.7355
14-JUL-2015,NAGREEKEXP,24.25,24.00,0.0104,0.0590,0.0573,1.0947
14-JUL-2015,NAHARCAP,72.65,73.90,-0.0171,0.0241,0.0237,0.4528
14-JUL-2015,NAHARINDUS,56.10,53.70,0.0437,0.0291,0.0302,0.5770
14-JUL-2015,NAHARPOLY,30.30,30.45,-0.0049,0.0319,0.0310,0.5923
14-JUL-2015,NAHARSPING,124.50,122.15,0.0191,0.0336,0.0329,0.6286
14-JUL-2015,NAKODA,0.60,0.55,0.0870,0.0658,0.0673,1.2858
14-JUL-2015,NATCOPHARM,2272.95,2256.75,0.0072,0.0207,0.0201,0.3840
14-JUL-2015,NATHBIOGEN,114.55,113.60,0.0083,0.0353,0.0343,0.6553
14-JUL-2015,NATIONALUM,38.35,38.65,-0.0078,0.0176,0.0172,0.3286
14-JUL-2015,NATNLSTEEL,14.35,14.70,-0.0241,0.0249,0.0249,0.4757
14-JUL-2015,NAUKRI,862.60,876.55,-0.0160,0.0236,0.0232,0.4432
14-JUL-2015,NAVINFLUOR,1106.60,1101.15,0.0049,0.0287,0.0279,0.5330
14-JUL-2015,NAVNETEDUL,104.35,104.30,0.0005,0.0165,0.0160,0.3057
14-JUL-2015,NBCC,982.85,981.00,0.0019,0.0299,0.0290,0.5540
14-JUL-2015,NBVENTURES,144.25,143.75,0.0035,0.0083,0.0081,0.1548
14-JUL-2015,NCC,83.45,80.55,0.0354,0.0291,0.0295,0.5636
14-JUL-2015,NCLIND,74.25,72.95,0.0177,0.0423,0.0412,0.7871
14-JUL-2015,NCOPPER,1.70,1.65,0.0299,0.0350,0.0347,0.6629
14-JUL-2015,NDL,113.80,117.30,-0.0303,0.0452,0.0444,0.8483
14-JUL-2015,NDTV,114.50,106.40,0.0734,0.0257,0.0307,0.5865
14-JUL-2015,NECLIFE,36.80,37.20,-0.0108,0.0288,0.0280,0.5349
14-JUL-2015,NELCAST,42.35,44.05,-0.0394,0.0472,0.0468,0.8941
14-JUL-2015,NELCO,77.90,78.50,-0.0077,0.0344,0.0334,0.6381
14-JUL-2015,NEPCMICON,2.35,2.35,0.0000,0.0303,0.0294,0.5617
14-JUL-2015,NESCO,1443.65,1458.20,-0.0100,0.0145,0.0143,0.2732
14-JUL-2015,NESTLEIND,5953.10,5955.50,-0.0004,0.0250,0.0242,0.4623
14-JUL-2015,NET4,2.40,2.40,0.0000,0.0278,0.0270,0.5158
14-JUL-2015,NETWORK18,55.75,56.70,-0.0169,0.0289,0.0283,0.5407
14-JUL-2015,NEULANDLAB,443.25,441.80,0.0033,0.0302,0.0293,0.5598
14-JUL-2015,NEXTMEDIA,15.85,15.20,0.0419,0.0585,0.0576,1.1004
14-JUL-2015,NEYVELILIG,82.80,82.75,0.0006,0.0189,0.0183,0.3496
14-JUL-2015,NFL,29.10,29.50,-0.0137,0.0273,0.0267,0.5101
14-JUL-2015,NGCT,1.30,1.25,0.0392,0.0421,0.0419,0.8005
14-JUL-2015,NHPC,18.95,19.05,-0.0053,0.0117,0.0114,0.2178
14-JUL-2015,NIBL,44.10,40.90,0.0753,0.0474,0.0495,0.9457
14-JUL-2015,NICCO,0.25,0.30,-0.1823,0.0857,0.0943,1.8016
14-JUL-2015,NIFTYBEES,853.47,854.65,-0.0014,0.0080,0.0078,0.1490
14-JUL-2015,NIFTYEES,8300.00,8300.00,0.0000,0.0057,0.0055,0.1051
14-JUL-2015,NIITLTD,51.05,49.10,0.0389,0.0311,0.0316,0.6037
14-JUL-2015,NIITTECH,463.45,418.60,0.1018,0.0228,0.0333,0.6362
14-JUL-2015,NILAINFRA,9.10,9.00,0.0110,0.0437,0.0425,0.8120
14-JUL-2015,NILKAMAL,629.00,628.30,0.0011,0.0339,0.0329,0.6286
14-JUL-2015,NIPPOBATRY,757.90,747.45,0.0139,0.0275,0.0269,0.5139
14-JUL-2015,NITCO,30.10,31.50,-0.0455,0.0683,0.0671,1.2819
14-JUL-2015,NITESHEST,17.80,17.35,0.0256,0.0408,0.0401,0.7661
14-JUL-2015,NITINFIRE,32.15,33.15,-0.0306,0.0247,0.0251,0.4795
14-JUL-2015,NITINSPIN,83.00,82.80,0.0024,0.0503,0.0488,0.9323
14-JUL-2015,NMDC,114.90,115.05,-0.0013,0.0137,0.0133,0.2541
14-JUL-2015,NOCIL,52.15,51.05,0.0213,0.0348,0.0341,0.6515
14-JUL-2015,NOESISIND,0.25,0.25,0.0000,0.0602,0.0584,1.1157
14-JUL-2015,NOIDATOLL,28.30,28.00,0.0107,0.0386,0.0375,0.7164
14-JUL-2015,NORBTEAEXP,9.80,9.80,0.0000,0.0355,0.0344,0.6572
14-JUL-2015,NRBBEARING,104.20,102.60,0.0155,0.0207,0.0204,0.3897
14-JUL-2015,NSIL,619.15,610.50,0.0141,0.0135,0.0135,0.2579
14-JUL-2015,NTPC,133.10,133.10,0.0000,0.0136,0.0132,0.2522
14-JUL-2015,NUCLEUS,312.85,315.50,-0.0084,0.0415,0.0403,0.7699
14-JUL-2015,NUTEK,0.60,0.60,0.0000,0.0848,0.0822,1.5704
14-JUL-2015,OBEROIRLTY,286.70,288.85,-0.0075,0.0176,0.0172,0.3286
14-JUL-2015,OCL,510.85,513.00,-0.0042,0.0171,0.0166,0.3171
14-JUL-2015,OFSS,3817.50,3846.45,-0.0076,0.0133,0.0130,0.2484
14-JUL-2015,OIL,438.35,440.05,-0.0039,0.0176,0.0171,0.3267
14-JUL-2015,OILCOUNTUB,36.80,36.75,0.0014,0.0280,0.0271,0.5177
14-JUL-2015,OISL,35.50,30.90,0.1388,0.0424,0.0533,1.0183
14-JUL-2015,OMAXAUTO,47.25,46.80,0.0096,0.0292,0.0284,0.5426
14-JUL-2015,OMAXE,134.45,133.95,0.0037,0.0061,0.0060,0.1146
14-JUL-2015,OMKARCHEM,166.45,168.10,-0.0099,0.0198,0.0193,0.3687
14-JUL-2015,OMMETALS,38.65,39.20,-0.0141,0.0351,0.0342,0.6534
14-JUL-2015,OMNITECH,5.50,5.50,0.0000,0.0450,0.0436,0.8330
14-JUL-2015,ONELIFECAP,54.00,54.75,-0.0138,0.0835,0.0810,1.5475
14-JUL-2015,ONGC,289.70,290.60,-0.0031,0.0140,0.0136,0.2598
14-JUL-2015,ONMOBILE,105.25,104.60,0.0062,0.0505,0.0490,0.9361
14-JUL-2015,ONWARDTEC,64.10,65.45,-0.0208,0.0423,0.0413,0.7890
14-JUL-2015,OPTOCIRCUI,21.50,21.75,-0.0116,0.0247,0.0241,0.4604
14-JUL-2015,ORBITCORP,8.65,8.75,-0.0115,0.0403,0.0392,0.7489
14-JUL-2015,ORBTEXP,414.35,425.30,-0.0261,0.0278,0.0277,0.5292
14-JUL-2015,ORCHIDCHEM,63.20,61.20,0.0322,0.0420,0.0415,0.7929
14-JUL-2015,ORIENTABRA,26.35,26.40,-0.0019,0.0108,0.0105,0.2006
14-JUL-2015,ORIENTALTL,1.75,1.75,0.0000,0.0131,0.0127,0.2426
14-JUL-2015,ORIENTBANK,184.50,186.45,-0.0105,0.0273,0.0266,0.5082
14-JUL-2015,ORIENTBELL,143.10,145.35,-0.0156,0.0225,0.0221,0.4222
14-JUL-2015,ORIENTCEM,177.00,175.35,0.0094,0.0199,0.0194,0.3706
14-JUL-2015,ORIENTHOT,22.75,22.70,0.0022,0.0373,0.0362,0.6916
14-JUL-2015,ORIENTLTD,63.00,62.15,0.0136,0.0373,0.0363,0.6935
14-JUL-2015,ORIENTPPR,27.10,27.60,-0.0183,0.0277,0.0272,0.5197
14-JUL-2015,ORIENTREF,93.40,93.95,-0.0059,0.0190,0.0185,0.3534
14-JUL-2015,ORISSAMINE,2425.20,2401.35,0.0099,0.0243,0.0237,0.4528
14-JUL-2015,ORTEL,180.65,179.25,0.0078,0.0129,0.0127,0.2426
14-JUL-2015,OUDHSUG,18.60,18.00,0.0328,0.0306,0.0307,0.5865
14-JUL-2015,PAEL,16.35,16.35,0.0000,0.0552,0.0535,1.0221
14-JUL-2015,PAGEIND,14633.40,14732.20,-0.0067,0.0200,0.0195,0.3725
14-JUL-2015,PANACEABIO,130.10,128.65,0.0112,0.0261,0.0255,0.4872
14-JUL-2015,PANAMAPET,66.90,67.85,-0.0141,0.0291,0.0284,0.5426
14-JUL-2015,PANORAMUNI,13.35,13.45,-0.0075,0.0732,0.0710,1.3565
14-JUL-2015,PAPERPROD,315.70,319.95,-0.0134,0.0365,0.0355,0.6782
14-JUL-2015,PARABDRUGS,9.35,9.40,-0.0053,0.0395,0.0383,0.7317
14-JUL-2015,PARACABLES,2.35,2.35,0.0000,0.0418,0.0405,0.7738
14-JUL-2015,PARAPRINT,0.80,0.80,0.0000,0.0201,0.0195,0.3725
14-JUL-2015,PARASPETRO,0.20,0.20,0.0000,0.1675,0.1624,3.1026
14-JUL-2015,PARRYSUGAR,16.35,17.40,-0.0622,0.0385,0.0403,0.7699
14-JUL-2015,PARSVNATH,21.40,21.50,-0.0047,0.0134,0.0130,0.2484
14-JUL-2015,PATELENG,83.75,84.40,-0.0077,0.0262,0.0255,0.4872
14-JUL-2015,PATINTLOG,105.00,98.65,0.0624,0.0367,0.0387,0.7394
14-JUL-2015,PATSPINLTD,9.95,9.50,0.0463,0.0508,0.0505,0.9648
14-JUL-2015,PBAINFRA,14.95,14.65,0.0203,0.0267,0.0264,0.5044
14-JUL-2015,PCJEWELLER,427.90,420.60,0.0172,0.0298,0.0292,0.5579
14-JUL-2015,PDPL,26.35,26.35,0.0000,0.0534,0.0518,0.9896
14-JUL-2015,PDSMFL,243.20,242.75,0.0019,0.0223,0.0216,0.4127
14-JUL-2015,PDUMJEIND,12.50,12.50,0.0000,0.0247,0.0239,0.4566
14-JUL-2015,PDUMJEPULP,32.45,33.40,-0.0289,0.0443,0.0435,0.8311
14-JUL-2015,PEARLPOLY,11.95,11.95,0.0000,0.0527,0.0511,0.9763
14-JUL-2015,PEL,971.80,953.80,0.0187,0.0155,0.0157,0.2999
14-JUL-2015,PENIND,54.80,54.30,0.0092,0.0292,0.0284,0.5426
14-JUL-2015,PENINLAND,22.95,23.00,-0.0022,0.0178,0.0173,0.3305
14-JUL-2015,PERSISTENT,636.20,627.70,0.0135,0.0307,0.0299,0.5712
14-JUL-2015,PETRONENGG,289.00,241.00,0.1816,0.0449,0.0622,1.1883
14-JUL-2015,PETRONET,194.15,190.20,0.0206,0.0149,0.0153,0.2923
14-JUL-2015,PFC,261.05,262.10,-0.0040,0.0159,0.0154,0.2942
14-JUL-2015,PFIZER,2113.60,2081.25,0.0154,0.0126,0.0128,0.2445
14-JUL-2015,PFOCUS,46.85,46.40,0.0097,0.0232,0.0226,0.4318
14-JUL-2015,PFRL,183.00,185.00,-0.0109,0.0257,0.0251,0.4795
14-JUL-2015,PFS,43.80,44.65,-0.0192,0.0319,0.0313,0.5980
14-JUL-2015,PGEL,110.60,106.75,0.0354,0.0391,0.0389,0.7432
14-JUL-2015,PGHH,6425.35,6440.30,-0.0023,0.0147,0.0143,0.2732
14-JUL-2015,PGIL,232.00,243.35,-0.0478,0.0214,0.0238,0.4547
14-JUL-2015,PHILIPCARB,137.10,132.60,0.0334,0.0346,0.0345,0.6591
14-JUL-2015,PHOENIXLL,117.45,114.90,0.0220,0.0193,0.0195,0.3725
14-JUL-2015,PHOENIXLTD,363.75,360.60,0.0087,0.0151,0.0148,0.2828
14-JUL-2015,PIDILITIND,549.40,551.25,-0.0034,0.0171,0.0166,0.3171
14-JUL-2015,PIIND,661.00,665.00,-0.0060,0.0184,0.0179,0.3420
14-JUL-2015,PILIND,18.90,18.30,0.0323,0.0312,0.0313,0.5980
14-JUL-2015,PIONDIST,89.95,89.05,0.0101,0.0408,0.0396,0.7566
14-JUL-2015,PIONEEREMB,38.80,38.80,0.0000,0.0370,0.0359,0.6859
14-JUL-2015,PIPAVAVDOC,59.85,59.80,0.0008,0.0075,0.0073,0.1395
14-JUL-2015,PIRPHYTO,44.10,44.10,0.0000,0.0465,0.0451,0.8616
14-JUL-2015,PITTILAM,68.70,69.25,-0.0080,0.0311,0.0302,0.5770
14-JUL-2015,PLASTIBLEN,328.50,309.55,0.0594,0.0275,0.0304,0.5808
14-JUL-2015,PLETHICO,29.85,30.20,-0.0117,0.0301,0.0293,0.5598
14-JUL-2015,PNB,144.70,145.05,-0.0024,0.0189,0.0183,0.3496
14-JUL-2015,PNBGILTS,28.55,28.55,0.0000,0.0178,0.0173,0.3305
14-JUL-2015,PNC,14.00,13.55,0.0327,0.0525,0.0515,0.9839
14-JUL-2015,PNCINFRA,408.30,408.30,0.0000,0.0206,0.0200,0.3821
14-JUL-2015,POCHIRAJU,24.00,24.50,-0.0206,0.0455,0.0444,0.8483
14-JUL-2015,POLARIND,1.95,1.95,0.0000,0.0016,0.0016,0.0306
14-JUL-2015,POLARIS,174.85,167.20,0.0447,0.0215,0.0236,0.4509
14-JUL-2015,POLYMED,442.50,441.45,0.0024,0.0217,0.0210,0.4012
14-JUL-2015,POLYPLEX,212.90,206.80,0.0291,0.0177,0.0186,0.3554
14-JUL-2015,PONNIERODE,132.50,132.00,0.0038,0.0303,0.0294,0.5617
14-JUL-2015,POWERGRID,140.20,140.00,0.0014,0.0109,0.0106,0.2025
14-JUL-2015,PPAP,112.00,112.30,-0.0027,0.0247,0.0240,0.4585
14-JUL-2015,PRADIP,1.65,1.65,0.0000,0.0869,0.0843,1.6105
14-JUL-2015,PRAENG,6.25,6.40,-0.0237,0.0329,0.0324,0.6190
14-JUL-2015,PRAJIND,102.70,100.25,0.0241,0.0399,0.0391,0.7470
14-JUL-2015,PRAKASH,31.45,31.40,0.0016,0.0259,0.0251,0.4795
14-JUL-2015,PRAKASHCON,2.05,2.10,-0.0241,0.0435,0.0426,0.8139
14-JUL-2015,PRAKASHSTL,109.60,107.95,0.0152,0.0182,0.0180,0.3439
14-JUL-2015,PRATIBHA,41.90,39.50,0.0590,0.0207,0.0247,0.4719
14-JUL-2015,PRECOT,76.00,72.95,0.0410,0.0474,0.0470,0.8979
14-JUL-2015,PRECWIRE,128.10,123.95,0.0329,0.0213,0.0222,0.4241
14-JUL-2015,PREMIER,42.40,43.50,-0.0256,0.0267,0.0266,0.5082
14-JUL-2015,PREMIERPOL,15.35,16.15,-0.0508,0.0303,0.0319,0.6094
14-JUL-2015,PRESSMN,37.75,38.50,-0.0197,0.0330,0.0324,0.6190
14-JUL-2015,PRESTIGE,239.45,241.80,-0.0098,0.0235,0.0229,0.4375
14-JUL-2015,PRICOL,31.80,31.95,-0.0047,0.0287,0.0278,0.5311
14-JUL-2015,PRIMESECU,4.40,4.35,0.0114,0.0478,0.0464,0.8865
14-JUL-2015,PRISMCEM,113.90,115.35,-0.0127,0.0251,0.0245,0.4681
14-JUL-2015,PROVOGE,5.75,5.40,0.0628,0.0292,0.0322,0.6152
14-JUL-2015,PROZONINTU,33.20,32.15,0.0321,0.0309,0.0310,0.5923
14-JUL-2015,PSB,42.30,42.30,0.0000,0.0131,0.0127,0.2426
14-JUL-2015,PSL,10.40,10.00,0.0392,0.0416,0.0415,0.7929
14-JUL-2015,PSUBNKBEES,371.90,374.35,-0.0066,0.0134,0.0131,0.2503
14-JUL-2015,PTC,71.75,72.55,-0.0111,0.0213,0.0208,0.3974
14-JUL-2015,PTL,38.00,37.95,0.0013,0.0238,0.0231,0.4413
14-JUL-2015,PUNJABCHEM,221.05,220.05,0.0045,0.0320,0.0310,0.5923
14-JUL-2015,PUNJLLOYD,26.20,26.25,-0.0019,0.0298,0.0289,0.5521
14-JUL-2015,PURVA,77.35,77.20,0.0019,0.0248,0.0240,0.4585
14-JUL-2015,PVP,5.75,5.75,0.0000,0.0546,0.0529,1.0107
14-JUL-2015,PVR,730.80,709.95,0.0289,0.0216,0.0221,0.4222
14-JUL-2015,QGOLDHALF,1202.60,1202.20,0.0003,0.0055,0.0053,0.1013
14-JUL-2015,QNIFTY,887.70,886.60,0.0012,0.0088,0.0085,0.1624
14-JUL-2015,QUINTEGRA,1.50,1.50,0.0000,0.0278,0.0270,0.5158
14-JUL-2015,RADAAN,0.75,0.75,0.0000,0.0564,0.0547,1.0450
14-JUL-2015,RADICO,81.95,82.65,-0.0085,0.0210,0.0205,0.3917
14-JUL-2015,RAIN,44.55,45.05,-0.0112,0.0328,0.0319,0.6094
14-JUL-2015,RAINBOWPAP,71.00,70.90,0.0014,0.0151,0.0146,0.2789
14-JUL-2015,RAIREKMOH,324.05,323.30,0.0023,0.0419,0.0406,0.7757
14-JUL-2015,RAJESHEXPO,365.40,370.90,-0.0149,0.0323,0.0315,0.6018
14-JUL-2015,RAJOIL,0.95,0.90,0.0541,0.0442,0.0449,0.8578
14-JUL-2015,RAJRAYON,0.50,0.45,0.1054,0.0534,0.0578,1.1043
14-JUL-2015,RAJSREESUG,15.90,16.20,-0.0187,0.0259,0.0255,0.4872
14-JUL-2015,RAJTV,59.35,60.05,-0.0117,0.0569,0.0552,1.0546
14-JUL-2015,RAJVIR,45.65,47.95,-0.0492,0.0460,0.0462,0.8826
14-JUL-2015,RALLIS,250.20,254.35,-0.0165,0.0254,0.0250,0.4776
14-JUL-2015,RAMANEWS,11.35,12.10,-0.0640,0.0460,0.0473,0.9037
14-JUL-2015,RAMCOCEM,353.40,344.05,0.0268,0.0221,0.0224,0.4280
14-JUL-2015,RAMCOIND,87.25,85.10,0.0250,0.0226,0.0227,0.4337
14-JUL-2015,RAMCOSYS,921.65,874.85,0.0521,0.0491,0.0493,0.9419
14-JUL-2015,RAMKY,35.30,34.35,0.0273,0.0364,0.0359,0.6859
14-JUL-2015,RAMSARUP,1.05,1.00,0.0488,0.0365,0.0374,0.7145
14-JUL-2015,RANASUG,2.75,2.50,0.0953,0.0365,0.0424,0.8101
14-JUL-2015,RANEENGINE,520.55,535.50,-0.0283,0.0291,0.0291,0.5560
14-JUL-2015,RANEHOLDIN,615.20,615.00,0.0003,0.0162,0.0157,0.2999
14-JUL-2015,RASOYPR,0.25,0.30,-0.1823,0.1313,0.1349,2.5773
14-JUL-2015,RATNAMANI,569.20,553.75,0.0275,0.0205,0.0210,0.4012
14-JUL-2015,RAYMOND,504.70,494.75,0.0199,0.0217,0.0216,0.4127
14-JUL-2015,RBL,305.25,309.25,-0.0130,0.0181,0.0178,0.3401
14-JUL-2015,RCF,55.90,55.75,0.0027,0.0219,0.0212,0.4050
14-JUL-2015,RCOM,67.20,67.45,-0.0037,0.0239,0.0232,0.4432
14-JUL-2015,RECLTD,285.00,286.55,-0.0054,0.0155,0.0151,0.2885
14-JUL-2015,REDINGTON,101.15,100.70,0.0045,0.0244,0.0237,0.4528
14-JUL-2015,REFEX,17.00,17.85,-0.0488,0.0474,0.0475,0.9075
14-JUL-2015,REGENCERAM,3.05,3.05,0.0000,0.0258,0.0250,0.4776
14-JUL-2015,REIAGROLTD,0.55,0.55,0.0000,0.0647,0.0627,1.1979
14-JUL-2015,REISIXTEN,0.30,0.30,0.0000,0.0910,0.0882,1.6851
14-JUL-2015,RELAXO,505.80,509.70,-0.0077,0.0308,0.0299,0.5712
14-JUL-2015,RELBANK,2030.40,2049.00,-0.0091,0.0104,0.0103,0.1968
14-JUL-2015,RELCAPITAL,370.00,372.55,-0.0069,0.0195,0.0190,0.3630
14-JUL-2015,RELCNX100,85.15,83.60,0.0184,0.0239,0.0236,0.4509
14-JUL-2015,RELCONS,33.80,33.80,0.0000,0.0415,0.0402,0.7680
14-JUL-2015,RELDIVOPP,18.25,19.90,-0.0866,0.0357,0.0406,0.7757
14-JUL-2015,RELGOLD,2311.35,2312.35,-0.0004,0.0056,0.0054,0.1032
14-JUL-2015,RELGRNIFTY,816.99,790.00,0.0336,0.0147,0.0165,0.3152
14-JUL-2015,RELIANCE,997.80,1007.00,-0.0092,0.0141,0.0139,0.2656
14-JUL-2015,RELIGARE,320.35,323.20,-0.0089,0.0197,0.0192,0.3668
14-JUL-2015,RELIGAREGO,2436.00,2445.00,-0.0037,0.0143,0.0139,0.2656
14-JUL-2015,RELINFRA,408.95,414.45,-0.0134,0.0233,0.0228,0.4356
14-JUL-2015,RELNIFTY,86.86,86.00,0.0100,0.0140,0.0138,0.2636
14-JUL-2015,RELNV20,375.00,379.00,-0.0106,0.0148,0.0146,0.2789
14-JUL-2015,REMSONSIND,33.65,34.70,-0.0307,0.0451,0.0444,0.8483
14-JUL-2015,RENUKA,10.05,10.05,0.0000,0.0225,0.0218,0.4165
14-JUL-2015,REPCOHOME,688.00,685.45,0.0037,0.0173,0.0168,0.3210
14-JUL-2015,REPRO,526.20,530.80,-0.0087,0.0323,0.0314,0.5999
14-JUL-2015,RESPONIND,119.35,127.75,-0.0680,0.0514,0.0525,1.0030
14-JUL-2015,REVATHI,838.10,823.00,0.0182,0.0682,0.0663,1.2667
14-JUL-2015,RICOAUTO,42.25,43.05,-0.0188,0.0270,0.0266,0.5082
14-JUL-2015,RIIL,390.75,388.80,0.0050,0.0245,0.0238,0.4547
14-JUL-2015,RJL,65.75,64.10,0.0254,0.0266,0.0265,0.5063
14-JUL-2015,RKDL,7.40,7.60,-0.0267,0.0840,0.0817,1.5609
14-JUL-2015,RKFORGE,712.35,713.35,-0.0014,0.0295,0.0286,0.5464
14-JUL-2015,RMCL,33.55,34.45,-0.0265,0.0425,0.0417,0.7967
14-JUL-2015,RML,363.95,361.50,0.0068,0.0260,0.0253,0.4834
14-JUL-2015,RMMIL,0.95,0.95,0.0000,0.0481,0.0466,0.8903
14-JUL-2015,ROHITFERRO,6.80,6.80,0.0000,0.0291,0.0282,0.5388
14-JUL-2015,ROHLTD,46.25,47.75,-0.0319,0.0288,0.0290,0.5540
14-JUL-2015,ROLTA,105.25,100.25,0.0487,0.0215,0.0240,0.4585
14-JUL-2015,ROSSELLIND,98.35,99.50,-0.0116,0.0367,0.0357,0.6820
14-JUL-2015,RPGLIFE,204.85,206.95,-0.0102,0.0320,0.0311,0.5942
14-JUL-2015,RPOWER,44.95,45.45,-0.0111,0.0216,0.0211,0.4031
14-JUL-2015,RPPINFRA,107.00,108.40,-0.0130,0.0396,0.0385,0.7355
14-JUL-2015,RSSOFTWARE,157.75,161.05,-0.0207,0.0551,0.0537,1.0259
14-JUL-2015,RSWM,315.15,325.40,-0.0320,0.0369,0.0366,0.6992
14-JUL-2015,RSYSTEMS,63.15,63.35,-0.0032,0.0207,0.0201,0.3840
14-JUL-2015,RTNINFRA,2.55,2.20,0.1476,0.0386,0.0520,0.9935
14-JUL-2015,RTNPOWER,8.25,7.90,0.0434,0.0405,0.0407,0.7776
14-JUL-2015,RUBYMILLS,278.55,279.65,-0.0039,0.0209,0.0203,0.3878
14-JUL-2015,RUCHINFRA,7.60,7.80,-0.0260,0.0299,0.0297,0.5674
14-JUL-2015,RUCHIRA,34.10,34.35,-0.0073,0.0309,0.0300,0.5731
14-JUL-2015,RUCHISOYA,36.65,37.00,-0.0095,0.0236,0.0230,0.4394
14-JUL-2015,RUPA,348.65,350.10,-0.0042,0.0424,0.0411,0.7852
14-JUL-2015,RUSHIL,69.00,71.00,-0.0286,0.0327,0.0325,0.6209
14-JUL-2015,SABTN,298.10,296.65,0.0049,0.0205,0.0199,0.3802
14-JUL-2015,SADBHAV,303.40,299.25,0.0138,0.0203,0.0200,0.3821
14-JUL-2015,SAGCEM,423.30,421.25,0.0049,0.0390,0.0378,0.7222
14-JUL-2015,SAIL,58.00,58.35,-0.0060,0.0238,0.0231,0.4413
14-JUL-2015,SAKHTISUG,16.75,16.60,0.0090,0.0353,0.0343,0.6553
14-JUL-2015,SAKSOFT,126.45,125.00,0.0115,0.0303,0.0295,0.5636
14-JUL-2015,SAKUMA,32.50,34.05,-0.0466,0.0416,0.0419,0.8005
14-JUL-2015,SALORAINTL,57.40,56.65,0.0132,0.0495,0.0481,0.9189
14-JUL-2015,SALSTEEL,1.85,1.95,-0.0526,0.0422,0.0429,0.8196
14-JUL-2015,SAMBHAAV,3.45,3.45,0.0000,0.0122,0.0118,0.2254
14-JUL-2015,SAMTEL,0.80,0.75,0.0645,0.0771,0.0764,1.4596
14-JUL-2015,SANDESH,558.95,562.65,-0.0066,0.0231,0.0225,0.4299
14-JUL-2015,SANGAMIND,190.75,195.25,-0.0233,0.0455,0.0445,0.8502
14-JUL-2015,SANGHIIND,62.10,60.60,0.0245,0.0287,0.0285,0.5445
14-JUL-2015,SANGHVIFOR,52.90,52.60,0.0057,0.0319,0.0310,0.5923
14-JUL-2015,SANGHVIMOV,330.15,333.05,-0.0087,0.0191,0.0186,0.3554
14-JUL-2015,SANOFI,3498.35,3477.80,0.0059,0.0123,0.0120,0.2293
14-JUL-2015,SANWARIA,9.10,8.35,0.0860,0.0605,0.0623,1.1902
14-JUL-2015,SARDAEN,108.00,108.05,-0.0005,0.0195,0.0189,0.3611
14-JUL-2015,SAREGAMA,337.60,344.10,-0.0191,0.0607,0.0590,1.1272
14-JUL-2015,SARLAPOLY,506.05,498.65,0.0147,0.0297,0.0290,0.5540
14-JUL-2015,SASKEN,229.30,222.95,0.0281,0.0156,0.0166,0.3171
14-JUL-2015,SATHAISPAT,40.00,38.15,0.0474,0.0305,0.0318,0.6075
14-JUL-2015,SBBJ,537.10,533.55,0.0066,0.0142,0.0139,0.2656
14-JUL-2015,SBIGETS,2424.20,2432.60,-0.0035,0.0046,0.0045,0.0860
14-JUL-2015,SBIN,268.20,273.70,-0.0203,0.0145,0.0149,0.2847
14-JUL-2015,SBT,416.60,417.50,-0.0022,0.0145,0.0141,0.2694
14-JUL-2015,SCHNEIDER,215.00,213.75,0.0058,0.0211,0.0205,0.3917
14-JUL-2015,SCI,55.75,54.60,0.0208,0.0238,0.0236,0.4509
14-JUL-2015,SDBL,199.30,195.10,0.0213,0.0149,0.0154,0.2942
14-JUL-2015,SEAMECLTD,114.90,116.95,-0.0177,0.0153,0.0155,0.2961
14-JUL-2015,SEINV,304.95,288.80,0.0544,0.0508,0.0510,0.9744
14-JUL-2015,SELAN,291.25,279.10,0.0426,0.0304,0.0313,0.5980
14-JUL-2015,SELMCL,3.75,3.95,-0.0520,0.0533,0.0532,1.0164
14-JUL-2015,SEPOWER,5.00,5.00,0.0000,0.0570,0.0553,1.0565
14-JUL-2015,SERVALL,3.65,3.65,0.0000,0.0588,0.0570,1.0890
14-JUL-2015,SESHAPAPER,204.00,205.60,-0.0078,0.0194,0.0189,0.3611
14-JUL-2015,SETFBANK,186.95,189.00,-0.0109,0.0242,0.0236,0.4509
14-JUL-2015,SETFNIFJR,206.15,201.00,0.0253,0.0375,0.0369,0.7050
14-JUL-2015,SEZAL,4.70,4.30,0.0889,0.0456,0.0493,0.9419
14-JUL-2015,SFCL,161.80,158.85,0.0184,0.0176,0.0176,0.3362
14-JUL-2015,SGFL,2.50,2.50,0.0000,0.0255,0.0247,0.4719
14-JUL-2015,SGJHL,13.30,13.15,0.0113,0.0214,0.0209,0.3993
14-JUL-2015,SGL,2.35,2.35,0.0000,0.0196,0.0190,0.3630
14-JUL-2015,SHAHALLOYS,4.00,4.20,-0.0488,0.0323,0.0335,0.6400
14-JUL-2015,SHAKTIPUMP,190.30,189.15,0.0061,0.0251,0.0244,0.4662
14-JUL-2015,SHALPAINTS,138.80,139.40,-0.0043,0.0279,0.0271,0.5177
14-JUL-2015,SHANTIGEAR,106.60,106.90,-0.0028,0.0282,0.0273,0.5216
14-JUL-2015,SHARDACROP,348.05,348.05,0.0000,0.0313,0.0303,0.5789
14-JUL-2015,SHARIABEES,193.00,187.23,0.0304,0.0238,0.0242,0.4623
14-JUL-2015,SHARONBIO,17.40,19.30,-0.1036,0.0651,0.0680,1.2991
14-JUL-2015,SHASUNPHAR,374.85,367.95,0.0186,0.0228,0.0226,0.4318
14-JUL-2015,SHEMAROO,257.40,240.30,0.0687,0.0236,0.0284,0.5426
14-JUL-2015,SHILPAMED,914.55,913.25,0.0014,0.0212,0.0206,0.3936
14-JUL-2015,SHILPI,45.70,44.20,0.0334,0.0494,0.0486,0.9285
14-JUL-2015,SHIRPUR-G,68.60,66.25,0.0349,0.0284,0.0288,0.5502
14-JUL-2015,SHIV-VANI,8.10,8.00,0.0124,0.0311,0.0303,0.5789
14-JUL-2015,SHIVAMAUTO,140.80,145.90,-0.0356,0.0361,0.0361,0.6897
14-JUL-2015,SHIVTEX,47.00,46.65,0.0075,0.0303,0.0294,0.5617
14-JUL-2015,SHLAKSHMI,7.55,7.90,-0.0453,0.0790,0.0774,1.4787
14-JUL-2015,SHOPERSTOP,385.80,399.30,-0.0344,0.0146,0.0165,0.3152
14-JUL-2015,SHREECEM,11090.10,11185.95,-0.0086,0.0175,0.0171,0.3267
14-JUL-2015,SHREERAMA,4.00,3.90,0.0253,0.0296,0.0294,0.5617
14-JUL-2015,SHRENUJ,36.45,36.45,0.0000,0.0381,0.0369,0.7050
14-JUL-2015,SHREYANIND,38.80,37.35,0.0381,0.0432,0.0429,0.8196
14-JUL-2015,SHREYAS,669.20,679.00,-0.0145,0.0323,0.0315,0.6018
14-JUL-2015,SHRIASTER,5.65,5.05,0.1123,0.0629,0.0669,1.2781
14-JUL-2015,SHRIRAMCIT,1680.00,1688.00,-0.0048,0.0173,0.0168,0.3210
14-JUL-2015,SHRIRAMEPC,33.05,33.15,-0.0030,0.0306,0.0297,0.5674
14-JUL-2015,SHYAMTEL,31.65,31.85,-0.0063,0.0412,0.0400,0.7642
14-JUL-2015,SICAGEN,19.45,18.15,0.0692,0.0454,0.0472,0.9018
14-JUL-2015,SICAL,170.10,169.05,0.0062,0.0444,0.0431,0.8234
14-JUL-2015,SIEMENS,1472.75,1461.70,0.0075,0.0177,0.0173,0.3305
14-JUL-2015,SIGNET,285.85,281.40,0.0157,0.0351,0.0342,0.6534
14-JUL-2015,SIL,26.00,26.00,0.0000,0.0289,0.0280,0.5349
14-JUL-2015,SILINV,68.00,68.25,-0.0037,0.0348,0.0338,0.6457
14-JUL-2015,SIMBHSUGAR,9.95,10.20,-0.0248,0.0341,0.0336,0.6419
14-JUL-2015,SIMPLEX,29.70,30.95,-0.0412,0.0514,0.0508,0.9705
14-JUL-2015,SIMPLEXINF,381.30,382.10,-0.0021,0.0214,0.0208,0.3974
14-JUL-2015,SINTEX,100.50,101.70,-0.0119,0.0275,0.0268,0.5120
14-JUL-2015,SITASHREE,12.00,12.05,-0.0042,0.0280,0.0272,0.5197
14-JUL-2015,SITICABLE,34.20,34.80,-0.0174,0.0105,0.0110,0.2102
14-JUL-2015,SIYSIL,1179.50,1173.30,0.0053,0.0239,0.0232,0.4432
14-JUL-2015,SJVN,24.00,24.00,0.0000,0.0078,0.0076,0.1452
14-JUL-2015,SKFINDIA,1423.50,1398.30,0.0179,0.0153,0.0155,0.2961
14-JUL-2015,SKIL,24.85,24.25,0.0244,0.0434,0.0425,0.8120
14-JUL-2015,SKIPPER,171.05,169.25,0.0106,0.0176,0.0173,0.3305
14-JUL-2015,SKMEGGPROD,125.55,124.60,0.0076,0.0257,0.0250,0.4776
14-JUL-2015,SKSMICRO,509.25,506.85,0.0047,0.0211,0.0205,0.3917
14-JUL-2015,SMARTLINK,83.95,81.60,0.0284,0.0400,0.0394,0.7527
14-JUL-2015,SMLISUZU,1097.75,1101.50,-0.0034,0.0232,0.0225,0.4299
14-JUL-2015,SMPL,2.60,2.60,0.0000,0.0492,0.0477,0.9113
14-JUL-2015,SMSPHARMA,632.45,634.80,-0.0037,0.0272,0.0264,0.5044
14-JUL-2015,SNOWMAN,103.45,100.70,0.0269,0.0198,0.0203,0.3878
14-JUL-2015,SOBHA,364.95,364.20,0.0021,0.0234,0.0227,0.4337
14-JUL-2015,SOFTTECHGR,2.40,2.40,0.0000,0.0101,0.0098,0.1872
14-JUL-2015,SOLARINDS,3944.35,3882.80,0.0157,0.0142,0.0143,0.2732
14-JUL-2015,SOMANYCERA,390.65,391.75,-0.0028,0.0214,0.0208,0.3974
14-JUL-2015,SOMATEX,4.60,4.60,0.0000,0.0620,0.0601,1.1482
14-JUL-2015,SONASTEER,63.10,63.95,-0.0134,0.0289,0.0282,0.5388
14-JUL-2015,SONATSOFTW,138.55,137.50,0.0076,0.0229,0.0223,0.4260
14-JUL-2015,SOTL,588.85,588.75,0.0002,0.0210,0.0204,0.3897
14-JUL-2015,SOUTHBANK,24.80,25.40,-0.0239,0.0216,0.0217,0.4146
14-JUL-2015,SPANCO,10.50,10.50,0.0000,0.0016,0.0016,0.0306
14-JUL-2015,SPARC,409.20,416.25,-0.0171,0.0253,0.0249,0.4757
14-JUL-2015,SPECIALITY,140.95,141.75,-0.0057,0.0191,0.0186,0.3554
14-JUL-2015,SPECTACLE,0.95,0.95,0.0000,0.0156,0.0151,0.2885
14-JUL-2015,SPENTEX,2.65,2.70,-0.0187,0.0372,0.0364,0.6954
14-JUL-2015,SPIC,21.05,21.50,-0.0212,0.0347,0.0340,0.6496
14-JUL-2015,SPICEMOBI,21.85,22.70,-0.0382,0.0311,0.0316,0.6037
14-JUL-2015,SPLIL,10.95,10.95,0.0000,0.0368,0.0357,0.6820
14-JUL-2015,SPMLINFRA,68.65,69.50,-0.0123,0.0396,0.0385,0.7355
14-JUL-2015,SPYL,1.85,1.90,-0.0267,0.0376,0.0370,0.7069
14-JUL-2015,SQSBFSI,672.70,668.15,0.0068,0.0241,0.0234,0.4471
14-JUL-2015,SREEL,195.60,195.60,0.0000,0.0210,0.0204,0.3897
14-JUL-2015,SREINFRA,36.35,35.90,0.0125,0.0321,0.0313,0.5980
14-JUL-2015,SRF,1308.80,1306.35,0.0019,0.0251,0.0243,0.4643
14-JUL-2015,SRGINFOTEC,0.20,0.20,0.0000,0.1724,0.1671,3.1924
14-JUL-2015,SRHHYPOLTD,82.85,77.10,0.0719,0.0595,0.0603,1.1520
14-JUL-2015,SRIPIPES,215.80,209.05,0.0318,0.0341,0.0340,0.6496
14-JUL-2015,SRSLTD,15.00,15.10,-0.0066,0.0538,0.0522,0.9973
14-JUL-2015,SRTRANSFIN,907.45,924.60,-0.0187,0.0238,0.0235,0.4490
14-JUL-2015,SSWL,304.35,303.20,0.0038,0.0215,0.0209,0.3993
14-JUL-2015,STAR,1246.95,1223.85,0.0187,0.0215,0.0213,0.4069
14-JUL-2015,STARPAPER,25.20,25.70,-0.0196,0.0398,0.0389,0.7432
14-JUL-2015,STCINDIA,153.65,154.10,-0.0029,0.0301,0.0292,0.5579
14-JUL-2015,STEL,22.45,21.50,0.0432,0.0268,0.0281,0.5368
14-JUL-2015,STERLINBIO,6.50,6.35,0.0233,0.0299,0.0295,0.5636
14-JUL-2015,STERTOOLS,350.85,348.05,0.0080,0.0280,0.0272,0.5197
14-JUL-2015,STINDIA,9.70,9.70,0.0000,0.0108,0.0105,0.2006
14-JUL-2015,STOREONE,33.60,32.40,0.0364,0.0431,0.0427,0.8158
14-JUL-2015,STRTECH,98.25,101.00,-0.0276,0.0427,0.0419,0.8005
14-JUL-2015,STYABS,683.75,678.25,0.0081,0.0261,0.0254,0.4853
14-JUL-2015,SUBEX,16.75,15.55,0.0743,0.0469,0.0490,0.9361
14-JUL-2015,SUBROS,65.75,65.00,0.0115,0.0250,0.0244,0.4662
14-JUL-2015,SUDAR,12.30,11.75,0.0457,0.0562,0.0556,1.0622
14-JUL-2015,SUDARSCHEM,99.90,100.20,-0.0030,0.0211,0.0205,0.3917
14-JUL-2015,SUJANATWR,12.60,12.80,-0.0157,0.0483,0.0470,0.8979
14-JUL-2015,SUJANAUNI,1.40,1.45,-0.0351,0.0649,0.0635,1.2132
14-JUL-2015,SUMEETINDS,13.00,12.55,0.0352,0.0590,0.0578,1.1043
14-JUL-2015,SUMMITSEC,248.00,245.35,0.0107,0.0283,0.0276,0.5273
14-JUL-2015,SUNCLAYLTD,1907.45,1898.85,0.0045,0.0101,0.0099,0.1891
14-JUL-2015,SUNDARAM,3.15,2.95,0.0656,0.0686,0.0684,1.3068
14-JUL-2015,SUNDARMFIN,1575.85,1562.70,0.0084,0.0183,0.0179,0.3420
14-JUL-2015,SUNDRMBRAK,277.50,276.10,0.0051,0.0212,0.0206,0.3936
14-JUL-2015,SUNDRMFAST,155.55,156.35,-0.0051,0.0194,0.0189,0.3611
14-JUL-2015,SUNFLAG,16.50,16.45,0.0030,0.0185,0.0180,0.3439
14-JUL-2015,SUNILHITEC,282.25,281.90,0.0012,0.0602,0.0584,1.1157
14-JUL-2015,SUNPHARMA,919.40,915.50,0.0043,0.0188,0.0183,0.3496
14-JUL-2015,SUNTECK,299.80,292.70,0.0240,0.0227,0.0228,0.4356
14-JUL-2015,SUNTV,279.05,277.65,0.0050,0.0387,0.0375,0.7164
14-JUL-2015,SUPERHOUSE,195.95,191.15,0.0248,0.0312,0.0309,0.5903
14-JUL-2015,SUPERSPIN,8.85,8.90,-0.0056,0.0516,0.0500,0.9552
14-JUL-2015,SUPPETRO,105.20,108.60,-0.0318,0.0433,0.0427,0.8158
14-JUL-2015,SUPRAJIT,129.85,129.35,0.0039,0.0241,0.0234,0.4471
14-JUL-2015,SUPREMEIND,641.85,644.25,-0.0037,0.0190,0.0184,0.3515
14-JUL-2015,SUPREMEINF,151.30,152.65,-0.0089,0.0531,0.0515,0.9839
14-JUL-2015,SUPREMETEX,4.10,3.95,0.0373,0.0389,0.0388,0.7413
14-JUL-2015,SURANACORP,4.25,4.10,0.0359,0.0396,0.0394,0.7527
14-JUL-2015,SURANAIND,15.95,15.75,0.0126,0.0295,0.0288,0.5502
14-JUL-2015,SURANASOL,24.50,24.45,0.0020,0.0553,0.0536,1.0240
14-JUL-2015,SURANAT&P,6.75,7.15,-0.0576,0.0641,0.0637,1.2170
14-JUL-2015,SURYAJYOTI,8.55,8.55,0.0000,0.0644,0.0624,1.1922
14-JUL-2015,SURYALAXMI,116.25,115.10,0.0099,0.0373,0.0362,0.6916
14-JUL-2015,SURYAROSNI,131.85,135.45,-0.0269,0.0331,0.0328,0.6266
14-JUL-2015,SUTLEJTEX,526.90,501.25,0.0499,0.0332,0.0344,0.6572
14-JUL-2015,SUVEN,261.45,252.60,0.0344,0.0286,0.0290,0.5540
14-JUL-2015,SUZLON,22.70,23.20,-0.0218,0.0299,0.0295,0.5636
14-JUL-2015,SWANENERGY,62.25,62.10,0.0024,0.0175,0.0170,0.3248
14-JUL-2015,SWARAJENG,875.60,873.45,0.0025,0.0164,0.0159,0.3038
14-JUL-2015,SWELECTES,472.15,470.15,0.0042,0.0197,0.0191,0.3649
14-JUL-2015,SYMPHONY,1923.70,1908.15,0.0081,0.0392,0.0381,0.7279
14-JUL-2015,SYNCOM,6.85,6.90,-0.0073,0.0549,0.0533,1.0183
14-JUL-2015,SYNDIBANK,104.05,105.45,-0.0134,0.0183,0.0180,0.3439
14-JUL-2015,TAINWALCHM,21.40,21.40,0.0000,0.0450,0.0436,0.8330
14-JUL-2015,TAJGVK,70.10,68.45,0.0238,0.0259,0.0258,0.4929
14-JUL-2015,TAKE,130.60,127.80,0.0217,0.0586,0.0571,1.0909
14-JUL-2015,TALBROAUTO,130.85,135.50,-0.0349,0.0388,0.0386,0.7375
14-JUL-2015,TALWALKARS,292.95,294.25,-0.0044,0.0197,0.0191,0.3649
14-JUL-2015,TANLA,25.15,25.00,0.0060,0.0428,0.0415,0.7929
14-JUL-2015,TANTIACONS,21.55,21.45,0.0047,0.0343,0.0333,0.6362
14-JUL-2015,TARAJEWELS,58.00,57.95,0.0009,0.0203,0.0197,0.3764
14-JUL-2015,TARAPUR,5.70,5.65,0.0088,0.0314,0.0305,0.5827
14-JUL-2015,TARMAT,31.05,31.70,-0.0207,0.0628,0.0611,1.1673
14-JUL-2015,TATACHEM,449.25,444.00,0.0118,0.0154,0.0152,0.2904
14-JUL-2015,TATACOFFEE,90.75,89.35,0.0155,0.0139,0.0140,0.2675
14-JUL-2015,TATACOMM,461.35,464.30,-0.0064,0.0168,0.0164,0.3133
14-JUL-2015,TATAELXSI,1291.70,1218.35,0.0585,0.0231,0.0266,0.5082
14-JUL-2015,TATAGLOBAL,137.05,136.80,0.0018,0.0172,0.0167,0.3191
14-JUL-2015,TATAINVEST,600.05,594.20,0.0098,0.0104,0.0104,0.1987
14-JUL-2015,TATAMETALI,104.05,99.95,0.0402,0.0227,0.0241,0.4604
14-JUL-2015,TATAMOTORS,385.95,402.10,-0.0410,0.0215,0.0231,0.4413
14-JUL-2015,TATAMTRDVR,232.10,241.75,-0.0407,0.0201,0.0219,0.4184
14-JUL-2015,TATAPOWER,72.95,72.75,0.0027,0.0172,0.0167,0.3191
14-JUL-2015,TATASPONGE,555.40,535.35,0.0368,0.0272,0.0279,0.5330
14-JUL-2015,TATASTEEL,281.15,284.45,-0.0117,0.0193,0.0189,0.3611
14-JUL-2015,TBZ,144.50,143.60,0.0062,0.0168,0.0164,0.3133
14-JUL-2015,TCI,269.40,266.90,0.0093,0.0240,0.0234,0.4471
14-JUL-2015,TCIDEVELOP,325.15,339.85,-0.0442,0.0389,0.0392,0.7489
14-JUL-2015,TCIFINANCE,35.55,35.70,-0.0042,0.0190,0.0185,0.3534
14-JUL-2015,TCS,2499.50,2509.55,-0.0040,0.0132,0.0128,0.2445
14-JUL-2015,TDPOWERSYS,314.05,313.25,0.0026,0.0229,0.0222,0.4241
14-JUL-2015,TECHIN,4.00,4.00,0.0000,0.0385,0.0373,0.7126
14-JUL-2015,TECHM,476.90,475.80,0.0023,0.0232,0.0225,0.4299
14-JUL-2015,TECHNO,514.80,510.30,0.0088,0.0229,0.0223,0.4260
14-JUL-2015,TECHNOFAB,189.95,189.00,0.0050,0.0246,0.0239,0.4566
14-JUL-2015,TECPRO,10.55,10.05,0.0486,0.0360,0.0369,0.7050
14-JUL-2015,TEXINFRA,34.70,35.10,-0.0115,0.0251,0.0245,0.4681
14-JUL-2015,TEXMOPIPES,13.30,13.35,-0.0038,0.0423,0.0410,0.7833
14-JUL-2015,TEXRAIL,131.55,130.70,0.0065,0.0212,0.0206,0.3936
14-JUL-2015,TFCILTD,62.90,63.40,-0.0079,0.0324,0.0315,0.6018
14-JUL-2015,TFL,5.95,5.95,0.0000,0.0440,0.0427,0.8158
14-JUL-2015,TGBHOTELS,69.45,67.10,0.0344,0.0329,0.0330,0.6305
14-JUL-2015,THANGAMAYL,183.40,181.10,0.0126,0.0348,0.0339,0.6477
14-JUL-2015,THEMISMED,155.25,155.25,0.0000,0.0309,0.0300,0.5731
14-JUL-2015,THERMAX,1043.25,1052.70,-0.0090,0.0190,0.0186,0.3554
14-JUL-2015,THIRUSUGAR,27.90,27.30,0.0217,0.0387,0.0379,0.7241
14-JUL-2015,THOMASCOOK,225.95,219.25,0.0301,0.0214,0.0220,0.4203
14-JUL-2015,THOMASCOTT,11.10,10.60,0.0461,0.0298,0.0310,0.5923
14-JUL-2015,TI,32.15,29.25,0.0945,0.0728,0.0743,1.4195
14-JUL-2015,TIDEWATER,15880.35,15153.35,0.0469,0.0140,0.0178,0.3401
14-JUL-2015,TIIL,183.70,184.65,-0.0052,0.0255,0.0248,0.4738
14-JUL-2015,TIJARIA,3.80,4.00,-0.0513,0.0299,0.0316,0.6037
14-JUL-2015,TIL,700.10,703.35,-0.0046,0.0339,0.0329,0.6286
14-JUL-2015,TIMBOR,5.70,6.00,-0.0513,0.0378,0.0387,0.7394
14-JUL-2015,TIMESGTY,21.10,21.05,0.0024,0.0342,0.0332,0.6343
14-JUL-2015,TIMETECHNO,59.35,61.40,-0.0340,0.0303,0.0305,0.5827
14-JUL-2015,TIMKEN,585.25,589.70,-0.0076,0.0167,0.0163,0.3114
14-JUL-2015,TINPLATE,57.85,56.95,0.0157,0.0190,0.0188,0.3592
14-JUL-2015,TIPSINDLTD,58.25,58.05,0.0034,0.0628,0.0609,1.1635
14-JUL-2015,TIRUMALCHM,188.70,180.85,0.0425,0.0309,0.0317,0.6056
14-JUL-2015,TITAN,359.85,357.30,0.0071,0.0151,0.0147,0.2808
14-JUL-2015,TNPETRO,16.00,16.50,-0.0308,0.0400,0.0395,0.7546
14-JUL-2015,TNPL,166.25,162.70,0.0216,0.0197,0.0198,0.3783
14-JUL-2015,TNTELE,3.25,3.25,0.0000,0.0322,0.0312,0.5961
14-JUL-2015,TODAYS,2.80,2.90,-0.0351,0.0305,0.0308,0.5884
14-JUL-2015,TOKYOPLAST,26.00,24.35,0.0656,0.0408,0.0427,0.8158
14-JUL-2015,TORNTPHARM,1328.35,1329.70,-0.0010,0.0159,0.0154,0.2942
14-JUL-2015,TORNTPOWER,144.95,146.75,-0.0123,0.0164,0.0162,0.3095
14-JUL-2015,TPLPLASTEH,313.20,315.10,-0.0060,0.0393,0.0381,0.7279
14-JUL-2015,TREEHOUSE,443.10,451.20,-0.0181,0.0233,0.0230,0.4394
14-JUL-2015,TRENT,1216.90,1216.25,0.0005,0.0189,0.0183,0.3496
14-JUL-2015,TRF,454.80,452.95,0.0041,0.0373,0.0362,0.6916
14-JUL-2015,TRICOM,1.65,1.60,0.0308,0.0260,0.0263,0.5025
14-JUL-2015,TRIDENT,33.00,33.85,-0.0254,0.0548,0.0535,1.0221
14-JUL-2015,TRIGYN,41.30,40.10,0.0295,0.0527,0.0516,0.9858
14-JUL-2015,TRIL,288.95,282.65,0.0220,0.0328,0.0323,0.6171
14-JUL-2015,TRITURBINE,128.90,120.45,0.0678,0.0206,0.0260,0.4967
14-JUL-2015,TRIVENI,17.75,17.20,0.0315,0.0260,0.0264,0.5044
14-JUL-2015,TTKPRESTIG,3913.05,3860.90,0.0134,0.0175,0.0173,0.3305
14-JUL-2015,TTL,58.30,59.45,-0.0195,0.0354,0.0347,0.6629
14-JUL-2015,TTML,7.15,7.10,0.0070,0.0213,0.0207,0.3955
14-JUL-2015,TUBEINVEST,392.40,374.85,0.0458,0.0172,0.0201,0.3840
14-JUL-2015,TULSI,2.95,2.80,0.0522,0.0463,0.0467,0.8922
14-JUL-2015,TV18BRDCST,39.90,40.70,-0.0199,0.0326,0.0320,0.6114
14-JUL-2015,TVSELECT,66.70,61.55,0.0804,0.0626,0.0638,1.2189
14-JUL-2015,TVSMOTOR,266.50,270.70,-0.0156,0.0238,0.0234,0.4471
14-JUL-2015,TVSSRICHAK,2181.60,2214.30,-0.0149,0.0340,0.0332,0.6343
14-JUL-2015,TVTODAY,206.60,202.15,0.0218,0.0270,0.0267,0.5101
14-JUL-2015,TWL,106.60,108.75,-0.0200,0.0275,0.0271,0.5177
14-JUL-2015,UBHOLDINGS,22.65,21.80,0.0382,0.0388,0.0388,0.7413
14-JUL-2015,UBL,1010.40,998.75,0.0116,0.0260,0.0254,0.4853
14-JUL-2015,UCALFUEL,111.40,109.60,0.0163,0.0276,0.0271,0.5177
14-JUL-2015,UCOBANK,54.80,54.40,0.0073,0.0211,0.0205,0.3917
14-JUL-2015,UFLEX,139.40,139.65,-0.0018,0.0348,0.0337,0.6438
14-JUL-2015,UFO,614.30,620.55,-0.0101,0.0156,0.0153,0.2923
14-JUL-2015,UGARSUGAR,7.40,7.70,-0.0397,0.0237,0.0250,0.4776
14-JUL-2015,UJAAS,17.40,17.35,0.0029,0.0335,0.0325,0.6209
14-JUL-2015,ULTRACEMCO,3138.00,3163.80,-0.0082,0.0161,0.0157,0.2999
14-JUL-2015,UMESLTD,3.40,3.45,-0.0146,0.0700,0.0680,1.2991
14-JUL-2015,UNICHEMLAB,228.40,222.15,0.0277,0.0218,0.0222,0.4241
14-JUL-2015,UNIENTER,46.25,47.25,-0.0214,0.0380,0.0372,0.7107
14-JUL-2015,UNIONBANK,173.40,171.30,0.0122,0.0299,0.0291,0.5560
14-JUL-2015,UNIPLY,95.95,100.95,-0.0508,0.0464,0.0467,0.8922
14-JUL-2015,UNITECH,7.80,7.80,0.0000,0.0540,0.0524,1.0011
14-JUL-2015,UNITEDBNK,24.75,24.55,0.0081,0.0171,0.0167,0.3191
14-JUL-2015,UNITEDTEA,184.20,193.80,-0.0508,0.0268,0.0288,0.5502
14-JUL-2015,UNITY,14.40,14.30,0.0070,0.0426,0.0413,0.7890
14-JUL-2015,UNIVCABLES,58.95,56.15,0.0487,0.0353,0.0362,0.6916
14-JUL-2015,UPERGANGES,35.80,34.05,0.0501,0.0398,0.0405,0.7738
14-JUL-2015,UPL,522.50,521.30,0.0023,0.0242,0.0235,0.4490
14-JUL-2015,USHAMART,18.75,19.00,-0.0132,0.0255,0.0249,0.4757
14-JUL-2015,USHERAGRO,36.00,36.40,-0.0110,0.0342,0.0333,0.6362
14-JUL-2015,UTTAMSTL,36.50,36.50,0.0000,0.0314,0.0304,0.5808
14-JUL-2015,UTTAMSUGAR,10.80,10.55,0.0234,0.0321,0.0316,0.6037
14-JUL-2015,UTTAMVALUE,4.05,4.00,0.0124,0.0236,0.0231,0.4413
14-JUL-2015,V2RETAIL,62.25,51.90,0.1818,0.0451,0.0624,1.1922
14-JUL-2015,VADILALIND,704.80,692.60,0.0175,0.0403,0.0393,0.7508
14-JUL-2015,VAIBHAVGBL,458.10,449.05,0.0200,0.0238,0.0236,0.4509
14-JUL-2015,VAKRANGEE,145.55,148.95,-0.0231,0.0350,0.0344,0.6572
14-JUL-2015,VALECHAENG,68.50,67.95,0.0081,0.0326,0.0317,0.6056
14-JUL-2015,VALUEIND,11.15,10.75,0.0365,0.0286,0.0291,0.5560
14-JUL-2015,VARDHACRLC,31.50,29.20,0.0758,0.0321,0.0362,0.6916
14-JUL-2015,VARDMNPOLY,50.75,49.20,0.0310,0.0531,0.0520,0.9935
14-JUL-2015,VARUNSHIP,8.80,9.15,-0.0390,0.0414,0.0413,0.7890
14-JUL-2015,VASCONEQ,16.20,16.05,0.0093,0.0428,0.0416,0.7948
14-JUL-2015,VASWANI,2.50,2.40,0.0408,0.0460,0.0457,0.8731
14-JUL-2015,VEDL,145.25,147.55,-0.0157,0.0310,0.0303,0.5789
14-JUL-2015,VENKEYS,561.10,487.15,0.1413,0.0569,0.0651,1.2437
14-JUL-2015,VENUSREM,143.75,143.65,0.0007,0.0327,0.0317,0.6056
14-JUL-2015,VESUVIUS,689.00,692.15,-0.0046,0.0128,0.0125,0.2388
14-JUL-2015,VETO,87.70,89.00,-0.0147,0.0314,0.0307,0.5865
14-JUL-2015,VGUARD,908.35,913.10,-0.0052,0.0123,0.0120,0.2293
14-JUL-2015,VHL,1059.45,1019.10,0.0388,0.0276,0.0284,0.5426
14-JUL-2015,VICEROY,14.85,15.05,-0.0134,0.0275,0.0269,0.5139
14-JUL-2015,VIDEOIND,158.80,156.80,0.0127,0.0160,0.0158,0.3019
14-JUL-2015,VIJAYABANK,40.85,41.05,-0.0049,0.0113,0.0110,0.2102
14-JUL-2015,VIJSHAN,9.35,9.50,-0.0159,0.0288,0.0282,0.5388
14-JUL-2015,VIKASGLOB,8.65,8.55,0.0116,0.0509,0.0494,0.9438
14-JUL-2015,VIMALOIL,117.40,112.00,0.0471,0.0471,0.0471,0.8998
14-JUL-2015,VIMTALABS,88.55,87.90,0.0074,0.0403,0.0391,0.7470
14-JUL-2015,VINATIORGA,522.05,526.40,-0.0083,0.0203,0.0198,0.3783
14-JUL-2015,VINDHYATEL,842.50,808.85,0.0408,0.0346,0.0350,0.6687
14-JUL-2015,VINYLINDIA,84.70,79.35,0.0652,0.0285,0.0319,0.6094
14-JUL-2015,VIPIND,95.50,95.55,-0.0005,0.0141,0.0137,0.2617
14-JUL-2015,VIPULLTD,46.90,46.05,0.0183,0.0253,0.0249,0.4757
14-JUL-2015,VISAKAIND,147.85,144.00,0.0264,0.0314,0.0311,0.5942
14-JUL-2015,VISASTEEL,16.70,16.75,-0.0030,0.0245,0.0238,0.4547
14-JUL-2015,VISESHINFO,0.15,0.10,0.4055,0.3002,0.3075,5.8748
14-JUL-2015,VISHNU,397.75,378.85,0.0487,0.0559,0.0555,1.0603
14-JUL-2015,VISUINTL,0.45,0.40,0.1178,0.0700,0.0737,1.4080
14-JUL-2015,VIVIDHA,48.95,44.50,0.0953,0.0619,0.0644,1.2304
14-JUL-2015,VIVIMEDLAB,253.50,244.65,0.0355,0.0541,0.0532,1.0164
14-JUL-2015,VKSPL,0.15,0.15,0.0000,0.1701,0.1649,3.1504
14-JUL-2015,VLSFINANCE,47.50,47.75,-0.0052,0.0494,0.0479,0.9151
14-JUL-2015,VMART,486.85,474.00,0.0267,0.0223,0.0226,0.4318
14-JUL-2015,VOLTAMP,749.85,746.05,0.0051,0.0225,0.0219,0.4184
14-JUL-2015,VOLTAS,313.55,309.55,0.0128,0.0225,0.0220,0.4203
14-JUL-2015,VRLLOG,350.90,330.25,0.0607,0.0229,0.0267,0.5101
14-JUL-2015,VSSL,42.20,42.65,-0.0106,0.0267,0.0260,0.4967
14-JUL-2015,VSTIND,1679.40,1697.45,-0.0107,0.0090,0.0091,0.1739
14-JUL-2015,VSTTILLERS,1544.55,1538.35,0.0040,0.0213,0.0207,0.3955
14-JUL-2015,VTL,711.45,726.85,-0.0214,0.0213,0.0213,0.4069
14-JUL-2015,WABAG,770.70,767.60,0.0040,0.0231,0.0224,0.4280
14-JUL-2015,WABCOINDIA,5435.05,5414.15,0.0039,0.0110,0.0107,0.2044
14-JUL-2015,WALCHANNAG,176.15,166.45,0.0566,0.0299,0.0321,0.6133
14-JUL-2015,WANBURY,52.40,51.35,0.0202,0.0336,0.0330,0.6305
14-JUL-2015,WEBELSOLAR,23.55,23.15,0.0171,0.0607,0.0590,1.1272
14-JUL-2015,WEIZFOREX,300.95,271.85,0.1017,0.0285,0.0372,0.7107
14-JUL-2015,WEIZMANIND,14.45,14.05,0.0281,0.0477,0.0468,0.8941
14-JUL-2015,WELCORP,127.65,129.85,-0.0171,0.0507,0.0493,0.9419
14-JUL-2015,WELENT,50.10,50.70,-0.0119,0.0491,0.0477,0.9113
14-JUL-2015,WELINV,49.45,50.65,-0.0240,0.0473,0.0462,0.8826
14-JUL-2015,WELSPUNIND,734.45,735.50,-0.0014,0.0327,0.0317,0.6056
14-JUL-2015,WENDT,2190.80,2164.70,0.0120,0.0295,0.0288,0.5502
14-JUL-2015,WHEELS,1231.00,1231.45,-0.0004,0.0282,0.0273,0.5216
14-JUL-2015,WHIRLPOOL,725.10,722.10,0.0041,0.0156,0.0152,0.2904
14-JUL-2015,WILLAMAGOR,77.90,79.45,-0.0197,0.0363,0.0355,0.6782
14-JUL-2015,WINDMACHIN,21.90,21.30,0.0278,0.0304,0.0302,0.5770
14-JUL-2015,WINSOME,0.80,0.85,-0.0606,0.0553,0.0556,1.0622
14-JUL-2015,WIPRO,565.40,559.65,0.0102,0.0134,0.0132,0.2522
14-JUL-2015,WOCKPHARMA,1495.10,1498.25,-0.0021,0.0267,0.0259,0.4948
14-JUL-2015,WONDERLA,264.90,256.40,0.0326,0.0141,0.0158,0.3019
14-JUL-2015,WSI,11.50,12.00,-0.0426,0.0494,0.0490,0.9361
14-JUL-2015,WSTCSTPAPR,59.65,60.70,-0.0174,0.0233,0.0230,0.4394
14-JUL-2015,XCHANGING,32.80,34.50,-0.0505,0.0367,0.0377,0.7203
14-JUL-2015,XLENERGY,2.60,2.60,0.0000,0.0764,0.0741,1.4157
14-JUL-2015,XPROINDIA,49.95,50.00,-0.0010,0.0552,0.0535,1.0221
14-JUL-2015,YESBANK,812.00,814.50,-0.0031,0.0222,0.0215,0.4108
14-JUL-2015,ZANDUREALT,1451.90,1438.35,0.0094,0.0271,0.0264,0.5044
14-JUL-2015,ZEEL,374.50,373.75,0.0020,0.0187,0.0181,0.3458
14-JUL-2015,ZEELEARN,35.15,35.00,0.0043,0.0077,0.0075,0.1433
14-JUL-2015,ZEEMEDIA,19.75,19.05,0.0361,0.0355,0.0355,0.6782
14-JUL-2015,ZENITHBIR,0.70,0.65,0.0741,0.0679,0.0683,1.3049
14-JUL-2015,ZENITHCOMP,2.80,2.90,-0.0351,0.0278,0.0283,0.5407
14-JUL-2015,ZENITHEXPO,68.80,68.80,0.0000,0.0165,0.0160,0.3057
14-JUL-2015,ZENITHINFO,2.60,2.60,0.0000,0.0016,0.0016,0.0306
14-JUL-2015,ZENSARTECH,688.30,677.75,0.0154,0.0168,0.0167,0.3191
14-JUL-2015,ZENTEC,84.65,81.00,0.0441,0.0313,0.0322,0.6152
14-JUL-2015,ZICOM,163.50,162.85,0.0040,0.0318,0.0308,0.5884
14-JUL-2015,ZODIACLOTH,301.55,315.80,-0.0462,0.0472,0.0471,0.8998
14-JUL-2015,ZODJRDMKJ,60.00,59.25,0.0126,0.0539,0.0523,0.9992
14-JUL-2015,ZUARI,190.05,187.65,0.0127,0.0146,0.0145,0.2770
14-JUL-2015,ZUARIGLOB,90.00,90.90,-0.0100,0.0121,0.0120,0.2293
14-JUL-2015,ZYDUSWELL,922.70,914.35,0.0091,0.0148,0.0145,0.2770
14-JUL-2015,ZYLOG,4.70,4.65,0.0107,0.0472,0.0458,0.8750
14-JUL-2015,SIRPAPER,-,-,-,-,-,-
